umri — welche Nominalklasse?	Kl. 14<hr><div class=konkordanz>umri Kl. 14 (u-), kein Numeruswechsel</div>	A1 SD1 drill klasse kl14
ofa — welche Nominalklasse?	Kl. 9/10<hr><div class=konkordanz>ofa Kl. 9/10 (Ø/n-) → ofa — Numerus nur an der Konkordanz</div>	A1 SD1 drill klasse kl9
fleti — welche Nominalklasse?	Kl. 9/10<hr><div class=konkordanz>fleti Kl. 9/10 (Ø/n-) → fleti — Numerus nur an der Konkordanz</div>	A1 SD1 drill klasse kl9
jicho — welche Nominalklasse?	Kl. 5/6<hr><div class=konkordanz>jicho Kl. 5/6 (ji-/Ø › ma-) → macho</div>	A1 SD1 drill klasse kl5
ugenini — welche Nominalklasse?	Kl. 17<hr><div class=konkordanz>ugenini Kl. 17 (ku-), kein Numeruswechsel</div>	A1 SD1 drill klasse kl17
gari — welche Nominalklasse?	Kl. 5/6<hr><div class=konkordanz>gari Kl. 5/6 (ji-/Ø › ma-) → magari</div>	A1 SD1 drill klasse kl5
bafu — welche Nominalklasse?	Kl. 9/10<hr><div class=konkordanz>bafu Kl. 9/10 (Ø/n-) → bafu — Numerus nur an der Konkordanz</div>	A1 SD1 drill klasse kl9
mguu — welche Nominalklasse?	Kl. 3/4<hr><div class=konkordanz>mguu Kl. 3/4 (m-/mw- › mi-) → miguu</div>	A1 SD1 drill klasse kl3
mfano — welche Nominalklasse?	Kl. 3/4<hr><div class=konkordanz>mfano Kl. 3/4 (m-/mw- › mi-) → mifano</div>	A1 SD1 drill klasse kl3
kitanda — welche Nominalklasse?	Kl. 7/8<hr><div class=konkordanz>kitanda Kl. 7/8 (ki- › vi-) → vitanda</div>	A1 SD1 drill klasse kl7
bia — welche Nominalklasse?	Kl. 9/10<hr><div class=konkordanz>bia Kl. 9/10 (Ø/n-) → bia — Numerus nur an der Konkordanz</div>	A1 SD1 drill klasse kl9
picha — welche Nominalklasse?	Kl. 9/10<hr><div class=konkordanz>picha Kl. 9/10 (Ø/n-) → picha — Numerus nur an der Konkordanz</div>	A1 SD1 drill klasse kl9
mkate — welche Nominalklasse?	Kl. 3/4<hr><div class=konkordanz>mkate Kl. 3/4 (m-/mw- › mi-) → mikate</div>	A1 SD1 drill klasse kl3
kitabu — welche Nominalklasse?	Kl. 7/8<hr><div class=konkordanz>kitabu Kl. 7/8 (ki- › vi-) → vitabu</div>	A1 SD1 drill klasse kl7
mkahawa — welche Nominalklasse?	Kl. 3/4<hr><div class=konkordanz>mkahawa Kl. 3/4 (m-/mw- › mi-) → mikahawa</div>	A1 SD1 drill klasse kl3
tarehe — welche Nominalklasse?	Kl. 9/10<hr><div class=konkordanz>tarehe Kl. 9/10 (Ø/n-) → tarehe — Numerus nur an der Konkordanz</div>	A1 SD1 drill klasse kl9
kijiji — welche Nominalklasse?	Kl. 7/8<hr><div class=konkordanz>kijiji Kl. 7/8 (ki- › vi-) → vijiji</div>	A1 SD1 drill klasse kl7
yai — welche Nominalklasse?	Kl. 5/6<hr><div class=konkordanz>yai Kl. 5/6 (ji-/Ø › ma-) → mayai</div>	A1 SD1 drill klasse kl5
mwisho — welche Nominalklasse?	Kl. 3/4<hr><div class=konkordanz>mwisho Kl. 3/4 (m-/mw- › mi-) → miisho</div>	A1 SD1 drill klasse kl3
tokeo — welche Nominalklasse?	Kl. 5/6<hr><div class=konkordanz>tokeo Kl. 5/6 (ji-/Ø › ma-) → matokeo</div>	A1 SD1 drill klasse kl5
chakula — welche Nominalklasse?	Kl. 7/8<hr><div class=konkordanz>chakula Kl. 7/8 (ki- › vi-) → vyakula</div>	A1 SD1 drill klasse kl7
baiskeli — welche Nominalklasse?	Kl. 9/10<hr><div class=konkordanz>baiskeli Kl. 9/10 (Ø/n-) → baiskeli — Numerus nur an der Konkordanz</div>	A1 SD1 drill klasse kl9
faksi — welche Nominalklasse?	Kl. 9/10<hr><div class=konkordanz>faksi Kl. 9/10 (Ø/n-) → faksi — Numerus nur an der Konkordanz</div>	A1 SD1 drill klasse kl9
moto — welche Nominalklasse?	Kl. 3/4<hr><div class=konkordanz>moto Kl. 3/4 (m-/mw- › mi-) → mioto</div>	A1 SD1 drill klasse kl3
homa — welche Nominalklasse?	Kl. 9/10<hr><div class=konkordanz>homa Kl. 9/10 (Ø/n-) → homa — Numerus nur an der Konkordanz</div>	A1 SD1 drill klasse kl9
nyama — welche Nominalklasse?	Kl. 9/10<hr><div class=konkordanz>nyama Kl. 9/10 (Ø/n-) → nyama — Numerus nur an der Konkordanz</div>	A1 SD1 drill klasse kl9
ndege — welche Nominalklasse?	Kl. 9/10<hr><div class=konkordanz>ndege Kl. 9/10 (Ø/n-) → ndege — Numerus nur an der Konkordanz</div>	A1 SD1 drill klasse kl9
fomu — welche Nominalklasse?	Kl. 9/10<hr><div class=konkordanz>fomu Kl. 9/10 (Ø/n-) → fomu — Numerus nur an der Konkordanz</div>	A1 SD1 drill klasse kl9
pesa — welche Nominalklasse?	Kl. 9/10<hr><div class=konkordanz>pesa Kl. 9/10 (Ø/n-) → pesa — Numerus nur an der Konkordanz</div>	A1 SD1 drill klasse kl9
mboga — welche Nominalklasse?	Kl. 9/10<hr><div class=konkordanz>mboga Kl. 9/10 (Ø/n-) → mboga — Numerus nur an der Konkordanz</div>	A1 SD1 drill klasse kl9
mzigo — welche Nominalklasse?	Kl. 3/4<hr><div class=konkordanz>mzigo Kl. 3/4 (m-/mw- › mi-) → mizigo</div>	A1 SD1 drill klasse kl3
zawadi — welche Nominalklasse?	Kl. 9/10<hr><div class=konkordanz>zawadi Kl. 9/10 (Ø/n-) → zawadi — Numerus nur an der Konkordanz</div>	A1 SD1 drill klasse kl9
duka — welche Nominalklasse?	Kl. 5/6<hr><div class=konkordanz>duka Kl. 5/6 (ji-/Ø › ma-) → maduka</div>	A1 SD1 drill klasse kl5
mazungumzo — welche Nominalklasse?	Kl. 6<hr><div class=konkordanz>mazungumzo Kl. 6 (ma-), kein Numeruswechsel</div>	A1 SD1 drill klasse kl6
kinywaji — welche Nominalklasse?	Kl. 7/8<hr><div class=konkordanz>kinywaji Kl. 7/8 (ki- › vi-) → vinywaji</div>	A1 SD1 drill klasse kl7
uzito — welche Nominalklasse?	Kl. 14<hr><div class=konkordanz>uzito Kl. 14 (u-), kein Numeruswechsel</div>	A1 SD1 drill klasse kl14
glasi — welche Nominalklasse?	Kl. 9/10<hr><div class=konkordanz>glasi Kl. 9/10 (Ø/n-) → glasi — Numerus nur an der Konkordanz</div>	A1 SD1 drill klasse kl9
jukwaa — welche Nominalklasse?	Kl. 5/6<hr><div class=konkordanz>jukwaa Kl. 5/6 (ji-/Ø › ma-) → majukwaa</div>	A1 SD1 drill klasse kl5
bahati — welche Nominalklasse?	Kl. 9/10<hr><div class=konkordanz>bahati Kl. 9/10 (Ø/n-) → bahati — Numerus nur an der Konkordanz</div>	A1 SD1 drill klasse kl9
unywele — welche Nominalklasse?	Kl. 11/10<hr><div class=konkordanz>unywele Kl. 11/10 (u- › Ø/n-) → nywele</div>	A1 SD1 drill klasse kl11
nyumba — welche Nominalklasse?	Kl. 9/10<hr><div class=konkordanz>nyumba Kl. 9/10 (Ø/n-) → nyumba — Numerus nur an der Konkordanz</div>	A1 SD1 drill klasse kl9
burudani — welche Nominalklasse?	Kl. 9/10<hr><div class=konkordanz>burudani Kl. 9/10 (Ø/n-) → burudani — Numerus nur an der Konkordanz</div>	A1 SD1 drill klasse kl9
hoteli — welche Nominalklasse?	Kl. 9/10<hr><div class=konkordanz>hoteli Kl. 9/10 (Ø/n-) → hoteli — Numerus nur an der Konkordanz</div>	A1 SD1 drill klasse kl9
kuku — welche Nominalklasse?	Kl. 9/10<hr><div class=konkordanz>kuku Kl. 9/10 (Ø/n-) → kuku — Numerus nur an der Konkordanz</div>	A1 SD1 drill klasse kl9
mtandao — welche Nominalklasse?	Kl. 3/4<hr><div class=konkordanz>mtandao Kl. 3/4 (m-/mw- › mi-) → mitandao</div>	A1 SD1 drill klasse kl3
mtoto — welche Nominalklasse?	Kl. 1/2<hr><div class=konkordanz>mtoto Kl. 1/2 (m-/mw- › wa-) → watoto</div>	A1 SD1 drill klasse kl1
sinema — welche Nominalklasse?	Kl. 9/10<hr><div class=konkordanz>sinema Kl. 9/10 (Ø/n-) → sinema — Numerus nur an der Konkordanz</div>	A1 SD1 drill klasse kl9
akaunti — welche Nominalklasse?	Kl. 9/10<hr><div class=konkordanz>akaunti Kl. 9/10 (Ø/n-) → akaunti — Numerus nur an der Konkordanz</div>	A1 SD1 drill klasse kl9
nchi — welche Nominalklasse?	Kl. 9/10<hr><div class=konkordanz>nchi Kl. 9/10 (Ø/n-) → nchi — Numerus nur an der Konkordanz</div>	A1 SD1 drill klasse kl9
maisha — welche Nominalklasse?	Kl. 6<hr><div class=konkordanz>maisha Kl. 6 (ma-), kein Numeruswechsel</div>	A1 SD1 drill klasse kl6
mwanga — welche Nominalklasse?	Kl. 3/4<hr><div class=konkordanz>mwanga Kl. 3/4 (m-/mw- › mi-) → mianga</div>	A1 SD1 drill klasse kl3
wimbo — welche Nominalklasse?	Kl. 11/10<hr><div class=konkordanz>wimbo Kl. 11/10 (u- › Ø/n-) → nyimbo</div>	A1 SD1 drill klasse kl11
baa — welche Nominalklasse?	Kl. 9/10<hr><div class=konkordanz>baa Kl. 9/10 (Ø/n-) → baa — Numerus nur an der Konkordanz</div>	A1 SD1 drill klasse kl9
bahari — welche Nominalklasse?	Kl. 9/10<hr><div class=konkordanz>bahari Kl. 9/10 (Ø/n-) → bahari — Numerus nur an der Konkordanz</div>	A1 SD1 drill klasse kl9
msichana — welche Nominalklasse?	Kl. 1/2<hr><div class=konkordanz>msichana Kl. 1/2 (m-/mw- › wa-) → wasichana</div>	A1 SD1 drill klasse kl1
tunda — welche Nominalklasse?	Kl. 5/6<hr><div class=konkordanz>tunda Kl. 5/6 (ji-/Ø › ma-) → matunda</div>	A1 SD1 drill klasse kl5
karatasi — welche Nominalklasse?	Kl. 9/10<hr><div class=konkordanz>karatasi Kl. 9/10 (Ø/n-) → karatasi — Numerus nur an der Konkordanz</div>	A1 SD1 drill klasse kl9
tatizo — welche Nominalklasse?	Kl. 5/6<hr><div class=konkordanz>tatizo Kl. 5/6 (ji-/Ø › ma-) → matatizo</div>	A1 SD1 drill klasse kl5
chumvi — welche Nominalklasse?	Kl. 9/10<hr><div class=konkordanz>chumvi Kl. 9/10 (Ø/n-) → chumvi — Numerus nur an der Konkordanz</div>	A1 SD1 drill klasse kl9
alama — welche Nominalklasse?	Kl. 9/10<hr><div class=konkordanz>alama Kl. 9/10 (Ø/n-) → alama — Numerus nur an der Konkordanz</div>	A1 SD1 drill klasse kl9
sofa — welche Nominalklasse?	Kl. 9/10<hr><div class=konkordanz>sofa Kl. 9/10 (Ø/n-) → sofa — Numerus nur an der Konkordanz</div>	A1 SD1 drill klasse kl9
masomo — welche Nominalklasse?	Kl. 6<hr><div class=konkordanz>masomo Kl. 6 (ma-), kein Numeruswechsel</div>	A1 SD1 drill klasse kl6
teksi — welche Nominalklasse?	Kl. 9/10<hr><div class=konkordanz>teksi Kl. 9/10 (Ø/n-) → teksi — Numerus nur an der Konkordanz</div>	A1 SD1 drill klasse kl9
simu — welche Nominalklasse?	Kl. 9/10<hr><div class=konkordanz>simu Kl. 9/10 (Ø/n-) → simu — Numerus nur an der Konkordanz</div>	A1 SD1 drill klasse kl9
mada — welche Nominalklasse?	Kl. 9/10<hr><div class=konkordanz>mada Kl. 9/10 (Ø/n-) → mada — Numerus nur an der Konkordanz</div>	A1 SD1 drill klasse kl9
tiketi — welche Nominalklasse?	Kl. 9/10<hr><div class=konkordanz>tiketi Kl. 9/10 (Ø/n-) → tiketi — Numerus nur an der Konkordanz</div>	A1 SD1 drill klasse kl9
maji — welche Nominalklasse?	Kl. 6<hr><div class=konkordanz>maji Kl. 6 (ma-), kein Numeruswechsel</div>	A1 SD1 drill klasse kl6
neno — welche Nominalklasse?	Kl. 5/6<hr><div class=konkordanz>neno Kl. 5/6 (ji-/Ø › ma-) → maneno</div>	A1 SD1 drill klasse kl5
chumba — welche Nominalklasse?	Kl. 7/8<hr><div class=konkordanz>chumba Kl. 7/8 (ki- › vi-) → vyumba</div>	A1 SD1 drill klasse kl7
mafuta — welche Nominalklasse?	Kl. 6<hr><div class=konkordanz>mafuta Kl. 6 (ma-), kein Numeruswechsel</div>	A1 SD1 drill klasse kl6
kuondoka — welche Nominalklasse?	Kl. 15<hr><div class=konkordanz>kuondoka Kl. 15 (ku-), kein Numeruswechsel</div>	A1 SD1 drill klasse kl15
mtumaji — welche Nominalklasse?	Kl. 1/2<hr><div class=konkordanz>mtumaji Kl. 1/2 (m-/mw- › wa-) → watumaji</div>	A1 SD1 drill klasse kl1
mwanzo — welche Nominalklasse?	Kl. 3/4<hr><div class=konkordanz>mwanzo Kl. 3/4 (m-/mw- › mi-) → mianzo</div>	A1 SD1 drill klasse kl3
muunganisho — welche Nominalklasse?	Kl. 3/4<hr><div class=konkordanz>muunganisho Kl. 3/4 (m-/mw- › mi-) → miunganisho</div>	A1 SD1 drill klasse kl3
tofaa — welche Nominalklasse?	Kl. 5/6<hr><div class=konkordanz>tofaa Kl. 5/6 (ji-/Ø › ma-) → matofaa</div>	A1 SD1 drill klasse kl5
mkono — welche Nominalklasse?	Kl. 3/4<hr><div class=konkordanz>mkono Kl. 3/4 (m-/mw- › mi-) → mikono</div>	A1 SD1 drill klasse kl3
daktari — welche Nominalklasse?	Kl. 5/6<hr><div class=konkordanz>daktari Kl. 5/6 (ji-/Ø › ma-) → madaktari — Vorsicht: Form Kl. 5, aber Kongruenz Kl. 1/2 (Person)</div>	A1 SD1 drill klasse kl5
lifti — welche Nominalklasse?	Kl. 9/10<hr><div class=konkordanz>lifti Kl. 9/10 (Ø/n-) → lifti — Numerus nur an der Konkordanz</div>	A1 SD1 drill klasse kl9
safari — welche Nominalklasse?	Kl. 9/10<hr><div class=konkordanz>safari Kl. 9/10 (Ø/n-) → safari — Numerus nur an der Konkordanz</div>	A1 SD1 drill klasse kl9
mgeni — welche Nominalklasse?	Kl. 1/2<hr><div class=konkordanz>mgeni Kl. 1/2 (m-/mw- › wa-) → wageni</div>	A1 SD1 drill klasse kl1
kitambulisho — welche Nominalklasse?	Kl. 7/8<hr><div class=konkordanz>kitambulisho Kl. 7/8 (ki- › vi-) → vitambulisho</div>	A1 SD1 drill klasse kl7
mashine — welche Nominalklasse?	Kl. 9/10<hr><div class=konkordanz>mashine Kl. 9/10 (Ø/n-) → mashine — Numerus nur an der Konkordanz</div>	A1 SD1 drill klasse kl9
stesheni — welche Nominalklasse?	Kl. 9/10<hr><div class=konkordanz>stesheni Kl. 9/10 (Ø/n-) → stesheni — Numerus nur an der Konkordanz</div>	A1 SD1 drill klasse kl9
roshani — welche Nominalklasse?	Kl. 9/10<hr><div class=konkordanz>roshani Kl. 9/10 (Ø/n-) → roshani — Numerus nur an der Konkordanz</div>	A1 SD1 drill klasse kl9
tumbo — welche Nominalklasse?	Kl. 5/6<hr><div class=konkordanz>tumbo Kl. 5/6 (ji-/Ø › ma-) → matumbo</div>	A1 SD1 drill klasse kl5
mti — welche Nominalklasse?	Kl. 3/4<hr><div class=konkordanz>mti Kl. 3/4 (m-/mw- › mi-) → miti</div>	A1 SD1 drill klasse kl3
kazi — welche Nominalklasse?	Kl. 9/10<hr><div class=konkordanz>kazi Kl. 9/10 (Ø/n-) → kazi — Numerus nur an der Konkordanz</div>	A1 SD1 drill klasse kl9
mandhari — welche Nominalklasse?	Kl. 9/10<hr><div class=konkordanz>mandhari Kl. 9/10 (Ø/n-) → mandhari — Numerus nur an der Konkordanz</div>	A1 SD1 drill klasse kl9
barua — welche Nominalklasse?	Kl. 9/10<hr><div class=konkordanz>barua Kl. 9/10 (Ø/n-) → barua — Numerus nur an der Konkordanz</div>	A1 SD1 drill klasse kl9
kaka — welche Nominalklasse?	Kl. 9/10<hr><div class=konkordanz>kaka Kl. 9/10 (Ø/n-) → kaka — Numerus nur an der Konkordanz — Vorsicht: Form Kl. 9, aber Kongruenz Kl. 1/2 (Person)</div>	A1 SD1 drill klasse kl9
herufi — welche Nominalklasse?	Kl. 9/10<hr><div class=konkordanz>herufi Kl. 9/10 (Ø/n-) → herufi — Numerus nur an der Konkordanz</div>	A1 SD1 drill klasse kl9
basi — welche Nominalklasse?	Kl. 5/6<hr><div class=konkordanz>basi Kl. 5/6 (ji-/Ø › ma-) → mabasi</div>	A1 SD1 drill klasse kl5
bosi — welche Nominalklasse?	Kl. 5/6<hr><div class=konkordanz>bosi Kl. 5/6 (ji-/Ø › ma-) → mabosi — Vorsicht: Form Kl. 5, aber Kongruenz Kl. 1/2 (Person)</div>	A1 SD1 drill klasse kl5
kompyuta — welche Nominalklasse?	Kl. 9/10<hr><div class=konkordanz>kompyuta Kl. 9/10 (Ø/n-) → kompyuta — Numerus nur an der Konkordanz</div>	A1 SD1 drill klasse kl9
shukrani — welche Nominalklasse?	Kl. 9/10<hr><div class=konkordanz>shukrani Kl. 9/10 (Ø/n-) → shukrani — Numerus nur an der Konkordanz</div>	A1 SD1 drill klasse kl9
printa — welche Nominalklasse?	Kl. 9/10<hr><div class=konkordanz>printa Kl. 9/10 (Ø/n-) → printa — Numerus nur an der Konkordanz</div>	A1 SD1 drill klasse kl9
kiu — welche Nominalklasse?	Kl. 9<hr><div class=konkordanz>kiu Kl. 9 (Ø/n-), kein Numeruswechsel</div>	A1 SD1 drill klasse kl9
kiingilio — welche Nominalklasse?	Kl. 7/8<hr><div class=konkordanz>kiingilio Kl. 7/8 (ki- › vi-) → viingilio</div>	A1 SD1 drill klasse kl7
mpokeaji — welche Nominalklasse?	Kl. 1/2<hr><div class=konkordanz>mpokeaji Kl. 1/2 (m-/mw- › wa-) → wapokeaji</div>	A1 SD1 drill klasse kl1
dereva — welche Nominalklasse?	Kl. 5/6<hr><div class=konkordanz>dereva Kl. 5/6 (ji-/Ø › ma-) → madereva — Vorsicht: Form Kl. 5, aber Kongruenz Kl. 1/2 (Person)</div>	A1 SD1 drill klasse kl5
kosa — welche Nominalklasse?	Kl. 5/6<hr><div class=konkordanz>kosa Kl. 5/6 (ji-/Ø › ma-) → makosa</div>	A1 SD1 drill klasse kl5
filamu — welche Nominalklasse?	Kl. 9/10<hr><div class=konkordanz>filamu Kl. 9/10 (Ø/n-) → filamu — Numerus nur an der Konkordanz</div>	A1 SD1 drill klasse kl9
samaki — welche Nominalklasse?	Kl. 9/10<hr><div class=konkordanz>samaki Kl. 9/10 (Ø/n-) → samaki — Numerus nur an der Konkordanz</div>	A1 SD1 drill klasse kl9
rafiki — welche Nominalklasse?	Kl. 9/10<hr><div class=konkordanz>rafiki Kl. 9/10 (Ø/n-) → rafiki — Numerus nur an der Konkordanz — Vorsicht: Form Kl. 9, aber Kongruenz Kl. 1/2 (Person)</div>	A1 SD1 drill klasse kl9
bustani — welche Nominalklasse?	Kl. 9/10<hr><div class=konkordanz>bustani Kl. 9/10 (Ø/n-) → bustani — Numerus nur an der Konkordanz</div>	A1 SD1 drill klasse kl9
hongera — welche Nominalklasse?	Kl. 9/10<hr><div class=konkordanz>hongera Kl. 9/10 (Ø/n-) → hongera — Numerus nur an der Konkordanz</div>	A1 SD1 drill klasse kl9
babu — welche Nominalklasse?	Kl. 9/10<hr><div class=konkordanz>babu Kl. 9/10 (Ø/n-) → babu — Numerus nur an der Konkordanz — Vorsicht: Form Kl. 9, aber Kongruenz Kl. 1/2 (Person)</div>	A1 SD1 drill klasse kl9
salamu — welche Nominalklasse?	Kl. 9/10<hr><div class=konkordanz>salamu Kl. 9/10 (Ø/n-) → salamu — Numerus nur an der Konkordanz</div>	A1 SD1 drill klasse kl9
jiko — welche Nominalklasse?	Kl. 5/6<hr><div class=konkordanz>jiko Kl. 5/6 (ji-/Ø › ma-) → majiko</div>	A1 SD1 drill klasse kl5
bwana — welche Nominalklasse?	Kl. 5/6<hr><div class=konkordanz>bwana Kl. 5/6 (ji-/Ø › ma-) → mabwana — Vorsicht: Form Kl. 5, aber Kongruenz Kl. 1/2 (Person)</div>	A1 SD1 drill klasse kl5
mbwa — welche Nominalklasse?	Kl. 9/10<hr><div class=konkordanz>mbwa Kl. 9/10 (Ø/n-) → mbwa — Numerus nur an der Konkordanz</div>	A1 SD1 drill klasse kl9
njaa — welche Nominalklasse?	Kl. 9<hr><div class=konkordanz>njaa Kl. 9 (Ø/n-), kein Numeruswechsel</div>	A1 SD1 drill klasse kl9
kijana — welche Nominalklasse?	Kl. 7/8<hr><div class=konkordanz>kijana Kl. 7/8 (ki- › vi-) → vijana — Vorsicht: Form Kl. 7, aber Kongruenz Kl. 1/2 (Person)</div>	A1 SD1 drill klasse kl7
mvulana — welche Nominalklasse?	Kl. 1/2<hr><div class=konkordanz>mvulana Kl. 1/2 (m-/mw- › wa-) → wavulana</div>	A1 SD1 drill klasse kl1
kahawa — welche Nominalklasse?	Kl. 9/10<hr><div class=konkordanz>kahawa Kl. 9/10 (Ø/n-) → kahawa — Numerus nur an der Konkordanz</div>	A1 SD1 drill klasse kl9
kibanda — welche Nominalklasse?	Kl. 7/8<hr><div class=konkordanz>kibanda Kl. 7/8 (ki- › vi-) → vibanda</div>	A1 SD1 drill klasse kl7
sanduku — welche Nominalklasse?	Kl. 5/6<hr><div class=konkordanz>sanduku Kl. 5/6 (ji-/Ø › ma-) → masanduku</div>	A1 SD1 drill klasse kl5
mwenzi — welche Nominalklasse?	Kl. 1/2<hr><div class=konkordanz>mwenzi Kl. 1/2 (m-/mw- › wa-) → wenzi</div>	A1 SD1 drill klasse kl1
kichwa — welche Nominalklasse?	Kl. 7/8<hr><div class=konkordanz>kichwa Kl. 7/8 (ki- › vi-) → vichwa</div>	A1 SD1 drill klasse kl7
keki — welche Nominalklasse?	Kl. 9/10<hr><div class=konkordanz>keki Kl. 9/10 (Ø/n-) → keki — Numerus nur an der Konkordanz</div>	A1 SD1 drill klasse kl9
kalamu — welche Nominalklasse?	Kl. 9/10<hr><div class=konkordanz>kalamu Kl. 9/10 (Ø/n-) → kalamu — Numerus nur an der Konkordanz</div>	A1 SD1 drill klasse kl9
mteja — welche Nominalklasse?	Kl. 1/2<hr><div class=konkordanz>mteja Kl. 1/2 (m-/mw- › wa-) → wateja</div>	A1 SD1 drill klasse kl1
kozi — welche Nominalklasse?	Kl. 9/10<hr><div class=konkordanz>kozi Kl. 9/10 (Ø/n-) → kozi — Numerus nur an der Konkordanz</div>	A1 SD1 drill klasse kl9
friji — welche Nominalklasse?	Kl. 9/10<hr><div class=konkordanz>friji Kl. 9/10 (Ø/n-) → friji — Numerus nur an der Konkordanz</div>	A1 SD1 drill klasse kl9
mwalimu — welche Nominalklasse?	Kl. 1/2<hr><div class=konkordanz>mwalimu Kl. 1/2 (m-/mw- › wa-) → walimu</div>	A1 SD1 drill klasse kl1
lori — welche Nominalklasse?	Kl. 5/6<hr><div class=konkordanz>lori Kl. 5/6 (ji-/Ø › ma-) → malori</div>	A1 SD1 drill klasse kl5
mwanamume — welche Nominalklasse?	Kl. 1/2<hr><div class=konkordanz>mwanamume Kl. 1/2 (m-/mw- › wa-) → wanaume</div>	A1 SD1 drill klasse kl1
mtu — welche Nominalklasse?	Kl. 1/2<hr><div class=konkordanz>mtu Kl. 1/2 (m-/mw- › wa-) → watu</div>	A1 SD1 drill klasse kl1
muda — welche Nominalklasse?	Kl. 3/10<hr><div class=konkordanz>muda Kl. 3/10 (m-/mw- › Ø/n-) → nyakati</div>	A1 SD1 drill klasse kl3
mdomo — welche Nominalklasse?	Kl. 3/4<hr><div class=konkordanz>mdomo Kl. 3/4 (m-/mw- › mi-) → midomo</div>	A1 SD1 drill klasse kl3
jina — welche Nominalklasse?	Kl. 5/6<hr><div class=konkordanz>jina Kl. 5/6 (ji-/Ø › ma-) → majina</div>	A1 SD1 drill klasse kl5
mahali — welche Nominalklasse?	Kl. 16<hr><div class=konkordanz>mahali Kl. 16 (pa-), kein Numeruswechsel</div>	A1 SD1 drill klasse kl16
pasipoti — welche Nominalklasse?	Kl. 9/10<hr><div class=konkordanz>pasipoti Kl. 9/10 (Ø/n-) → pasipoti — Numerus nur an der Konkordanz</div>	A1 SD1 drill klasse kl9
mpango — welche Nominalklasse?	Kl. 3/4<hr><div class=konkordanz>mpango Kl. 3/4 (m-/mw- › mi-) → mipango</div>	A1 SD1 drill klasse kl3
nafasi — welche Nominalklasse?	Kl. 9/10<hr><div class=konkordanz>nafasi Kl. 9/10 (Ø/n-) → nafasi — Numerus nur an der Konkordanz</div>	A1 SD1 drill klasse kl9
bei — welche Nominalklasse?	Kl. 9/10<hr><div class=konkordanz>bei Kl. 9/10 (Ø/n-) → bei — Numerus nur an der Konkordanz</div>	A1 SD1 drill klasse kl9
kijitabu — welche Nominalklasse?	Kl. 7/8<hr><div class=konkordanz>kijitabu Kl. 7/8 (ki- › vi-) → vijitabu</div>	A1 SD1 drill klasse kl7
mvua — welche Nominalklasse?	Kl. 9/10<hr><div class=konkordanz>mvua Kl. 9/10 (Ø/n-) → mvua — Numerus nur an der Konkordanz</div>	A1 SD1 drill klasse kl9
mchele — welche Nominalklasse?	Kl. 3/4<hr><div class=konkordanz>mchele Kl. 3/4 (m-/mw- › mi-) → michele</div>	A1 SD1 drill klasse kl3
juisi — welche Nominalklasse?	Kl. 9/10<hr><div class=konkordanz>juisi Kl. 9/10 (Ø/n-) → juisi — Numerus nur an der Konkordanz</div>	A1 SD1 drill klasse kl9
saladi — welche Nominalklasse?	Kl. 9/10<hr><div class=konkordanz>saladi Kl. 9/10 (Ø/n-) → saladi — Numerus nur an der Konkordanz</div>	A1 SD1 drill klasse kl9
kaunta — welche Nominalklasse?	Kl. 9/10<hr><div class=konkordanz>kaunta Kl. 9/10 (Ø/n-) → kaunta — Numerus nur an der Konkordanz</div>	A1 SD1 drill klasse kl9
ufunguo — welche Nominalklasse?	Kl. 11/10<hr><div class=konkordanz>ufunguo Kl. 11/10 (u- › Ø/n-) → funguo</div>	A1 SD1 drill klasse kl11
kabati — welche Nominalklasse?	Kl. 5/6<hr><div class=konkordanz>kabati Kl. 5/6 (ji-/Ø › ma-) → makabati</div>	A1 SD1 drill klasse kl5
kiatu — welche Nominalklasse?	Kl. 7/8<hr><div class=konkordanz>kiatu Kl. 7/8 (ki- › vi-) → viatu</div>	A1 SD1 drill klasse kl7
mwanafunzi — welche Nominalklasse?	Kl. 1/2<hr><div class=konkordanz>mwanafunzi Kl. 1/2 (m-/mw- › wa-) → wanafunzi</div>	A1 SD1 drill klasse kl1
ziwa — welche Nominalklasse?	Kl. 5/6<hr><div class=konkordanz>ziwa Kl. 5/6 (ji-/Ø › ma-) → maziwa</div>	A1 SD1 drill klasse kl5
mwana — welche Nominalklasse?	Kl. 1/2<hr><div class=konkordanz>mwana Kl. 1/2 (m-/mw- › wa-) → wana</div>	A1 SD1 drill klasse kl1
mchezo — welche Nominalklasse?	Kl. 3/4<hr><div class=konkordanz>mchezo Kl. 3/4 (m-/mw- › mi-) → michezo</div>	A1 SD1 drill klasse kl3
ghorofa — welche Nominalklasse?	Kl. 9/10<hr><div class=konkordanz>ghorofa Kl. 9/10 (Ø/n-) → ghorofa — Numerus nur an der Konkordanz</div>	A1 SD1 drill klasse kl9
chai — welche Nominalklasse?	Kl. 9/10<hr><div class=konkordanz>chai Kl. 9/10 (Ø/n-) → chai — Numerus nur an der Konkordanz</div>	A1 SD1 drill klasse kl9
sehemu — welche Nominalklasse?	Kl. 9/10<hr><div class=konkordanz>sehemu Kl. 9/10 (Ø/n-) → sehemu — Numerus nur an der Konkordanz</div>	A1 SD1 drill klasse kl9
miadi — welche Nominalklasse?	Kl. 9/10<hr><div class=konkordanz>miadi Kl. 9/10 (Ø/n-) → miadi — Numerus nur an der Konkordanz</div>	A1 SD1 drill klasse kl9
mtihani — welche Nominalklasse?	Kl. 3/4<hr><div class=konkordanz>mtihani Kl. 3/4 (m-/mw- › mi-) → mitihani</div>	A1 SD1 drill klasse kl3
maandishi — welche Nominalklasse?	Kl. 6<hr><div class=konkordanz>maandishi Kl. 6 (ma-), kein Numeruswechsel</div>	A1 SD1 drill klasse kl6
meza — welche Nominalklasse?	Kl. 9/10<hr><div class=konkordanz>meza Kl. 9/10 (Ø/n-) → meza — Numerus nur an der Konkordanz</div>	A1 SD1 drill klasse kl9
likizo — welche Nominalklasse?	Kl. 9/10<hr><div class=konkordanz>likizo Kl. 9/10 (Ø/n-) → likizo — Numerus nur an der Konkordanz</div>	A1 SD1 drill klasse kl9
baba — welche Nominalklasse?	Kl. 9/10<hr><div class=konkordanz>baba Kl. 9/10 (Ø/n-) → baba — Numerus nur an der Konkordanz — Vorsicht: Form Kl. 9, aber Kongruenz Kl. 1/2 (Person)</div>	A1 SD1 drill klasse kl9
chama — welche Nominalklasse?	Kl. 7/8<hr><div class=konkordanz>chama Kl. 7/8 (ki- › vi-) → vyama</div>	A1 SD1 drill klasse kl7
muuzaji — welche Nominalklasse?	Kl. 1/2<hr><div class=konkordanz>muuzaji Kl. 1/2 (m-/mw- › wa-) → wauzaji</div>	A1 SD1 drill klasse kl1
ndugu — welche Nominalklasse?	Kl. 9/10<hr><div class=konkordanz>ndugu Kl. 9/10 (Ø/n-) → ndugu — Numerus nur an der Konkordanz — Vorsicht: Form Kl. 9, aber Kongruenz Kl. 1/2 (Person)</div>	A1 SD1 drill klasse kl9
mvinyo — welche Nominalklasse?	Kl. 3/4<hr><div class=konkordanz>mvinyo Kl. 3/4 (m-/mw- › mi-) → mivinyo</div>	A1 SD1 drill klasse kl3
upepo — welche Nominalklasse?	Kl. 11/10<hr><div class=konkordanz>upepo Kl. 11/10 (u- › Ø/n-) → pepo</div>	A1 SD1 drill klasse kl11
forodha — welche Nominalklasse?	Kl. 9/10<hr><div class=konkordanz>forodha Kl. 9/10 (Ø/n-) → forodha — Numerus nur an der Konkordanz</div>	A1 SD1 drill klasse kl9
treni — welche Nominalklasse?	Kl. 9/10<hr><div class=konkordanz>treni Kl. 9/10 (Ø/n-) → treni — Numerus nur an der Konkordanz</div>	A1 SD1 drill klasse kl9
anwani — welche Nominalklasse?	Kl. 9/10<hr><div class=konkordanz>anwani Kl. 9/10 (Ø/n-) → anwani — Numerus nur an der Konkordanz</div>	A1 SD1 drill klasse kl9
kuwasili — welche Nominalklasse?	Kl. 15<hr><div class=konkordanz>kuwasili Kl. 15 (ku-), kein Numeruswechsel</div>	A1 SD1 drill klasse kl15
usajili — welche Nominalklasse?	Kl. 14<hr><div class=konkordanz>usajili Kl. 14 (u-), kein Numeruswechsel</div>	A1 SD1 drill klasse kl14
tangazo — welche Nominalklasse?	Kl. 5/6<hr><div class=konkordanz>tangazo Kl. 5/6 (ji-/Ø › ma-) → matangazo</div>	A1 SD1 drill klasse kl5
jibu — welche Nominalklasse?	Kl. 5/6<hr><div class=konkordanz>jibu Kl. 5/6 (ji-/Ø › ma-) → majibu</div>	A1 SD1 drill klasse kl5
taarifa — welche Nominalklasse?	Kl. 9/10<hr><div class=konkordanz>taarifa Kl. 9/10 (Ø/n-) → taarifa — Numerus nur an der Konkordanz</div>	A1 SD1 drill klasse kl9
kauli — welche Nominalklasse?	Kl. 9/10<hr><div class=konkordanz>kauli Kl. 9/10 (Ø/n-) → kauli — Numerus nur an der Konkordanz</div>	A1 SD1 drill klasse kl9
ndizi — welche Nominalklasse?	Kl. 9/10<hr><div class=konkordanz>ndizi Kl. 9/10 (Ø/n-) → ndizi — Numerus nur an der Konkordanz</div>	A1 SD1 drill klasse kl9
benki — welche Nominalklasse?	Kl. 9/10<hr><div class=konkordanz>benki Kl. 9/10 (Ø/n-) → benki — Numerus nur an der Konkordanz</div>	A1 SD1 drill klasse kl9
pea — welche Nominalklasse?	Kl. 5/6<hr><div class=konkordanz>pea Kl. 5/6 (ji-/Ø › ma-) → mapea</div>	A1 SD1 drill klasse kl5
ombi — welche Nominalklasse?	Kl. 5/6<hr><div class=konkordanz>ombi Kl. 5/6 (ji-/Ø › ma-) → maombi</div>	A1 SD1 drill klasse kl5
ua — welche Nominalklasse?	Kl. 5/6<hr><div class=konkordanz>ua Kl. 5/6 (ji-/Ø › ma-) → maua</div>	A1 SD1 drill klasse kl5
stempu — welche Nominalklasse?	Kl. 9/10<hr><div class=konkordanz>stempu Kl. 9/10 (Ø/n-) → stempu — Numerus nur an der Konkordanz</div>	A1 SD1 drill klasse kl9
siagi — welche Nominalklasse?	Kl. 9<hr><div class=konkordanz>siagi Kl. 9 (Ø/n-), kein Numeruswechsel</div>	A1 SD1 drill klasse kl9
CD — welche Nominalklasse?	Kl. 9/10<hr><div class=konkordanz>CD Kl. 9/10 (Ø/n-) → CD — Numerus nur an der Konkordanz</div>	A1 SD1 drill klasse kl9
bibi — welche Nominalklasse?	Kl. 5/6<hr><div class=konkordanz>bibi Kl. 5/6 (ji-/Ø › ma-) → mabibi — Vorsicht: Form Kl. 5, aber Kongruenz Kl. 1/2 (Person)</div>	A1 SD1 drill klasse kl5
disko — welche Nominalklasse?	Kl. 9/10<hr><div class=konkordanz>disko Kl. 9/10 (Ø/n-) → disko — Numerus nur an der Konkordanz</div>	A1 SD1 drill klasse kl9
kona — welche Nominalklasse?	Kl. 9/10<hr><div class=konkordanz>kona Kl. 9/10 (Ø/n-) → kona — Numerus nur an der Konkordanz</div>	A1 SD1 drill klasse kl9
mke — welche Nominalklasse?	Kl. 1/2<hr><div class=konkordanz>mke Kl. 1/2 (m-/mw- › wa-) → wake</div>	A1 SD1 drill klasse kl1
mwaliko — welche Nominalklasse?	Kl. 3/4<hr><div class=konkordanz>mwaliko Kl. 3/4 (m-/mw- › mi-) → mialiko</div>	A1 SD1 drill klasse kl3
mzazi — welche Nominalklasse?	Kl. 1/2<hr><div class=konkordanz>mzazi Kl. 1/2 (m-/mw- › wa-) → wazazi</div>	A1 SD1 drill klasse kl1
radhi — welche Nominalklasse?	Kl. 9/10<hr><div class=konkordanz>radhi Kl. 9/10 (Ø/n-) → radhi — Numerus nur an der Konkordanz</div>	A1 SD1 drill klasse kl9
familia — welche Nominalklasse?	Kl. 9/10<hr><div class=konkordanz>familia Kl. 9/10 (Ø/n-) → familia — Numerus nur an der Konkordanz</div>	A1 SD1 drill klasse kl9
rangi — welche Nominalklasse?	Kl. 9/10<hr><div class=konkordanz>rangi Kl. 9/10 (Ø/n-) → rangi — Numerus nur an der Konkordanz</div>	A1 SD1 drill klasse kl9
kampuni — welche Nominalklasse?	Kl. 9/10<hr><div class=konkordanz>kampuni Kl. 9/10 (Ø/n-) → kampuni — Numerus nur an der Konkordanz</div>	A1 SD1 drill klasse kl9
chupa — welche Nominalklasse?	Kl. 9/10<hr><div class=konkordanz>chupa Kl. 9/10 (Ø/n-) → chupa — Numerus nur an der Konkordanz</div>	A1 SD1 drill klasse kl9
swali — welche Nominalklasse?	Kl. 5/6<hr><div class=konkordanz>swali Kl. 5/6 (ji-/Ø › ma-) → maswali</div>	A1 SD1 drill klasse kl5
mwanamke — welche Nominalklasse?	Kl. 1/2<hr><div class=konkordanz>mwanamke Kl. 1/2 (m-/mw- › wa-) → wanawake</div>	A1 SD1 drill klasse kl1
uongozi — welche Nominalklasse?	Kl. 14<hr><div class=konkordanz>uongozi Kl. 14 (u-), kein Numeruswechsel</div>	A1 SD1 drill klasse kl14
kikundi — welche Nominalklasse?	Kl. 7/8<hr><div class=konkordanz>kikundi Kl. 7/8 (ki- › vi-) → vikundi</div>	A1 SD1 drill klasse kl7
ukubwa — welche Nominalklasse?	Kl. 14<hr><div class=konkordanz>ukubwa Kl. 14 (u-), kein Numeruswechsel</div>	A1 SD1 drill klasse kl14
ukumbi — welche Nominalklasse?	Kl. 11/10<hr><div class=konkordanz>ukumbi Kl. 11/10 (u- › Ø/n-) → kumbi</div>	A1 SD1 drill klasse kl11
kituo — welche Nominalklasse?	Kl. 7/8<hr><div class=konkordanz>kituo Kl. 7/8 (ki- › vi-) → vituo</div>	A1 SD1 drill klasse kl7
msaada — welche Nominalklasse?	Kl. 3/4<hr><div class=konkordanz>msaada Kl. 3/4 (m-/mw- › mi-) → misaada</div>	A1 SD1 drill klasse kl3
harusi — welche Nominalklasse?	Kl. 9/10<hr><div class=konkordanz>harusi Kl. 9/10 (Ø/n-) → harusi — Numerus nur an der Konkordanz</div>	A1 SD1 drill klasse kl9
koti — welche Nominalklasse?	Kl. 5/6<hr><div class=konkordanz>koti Kl. 5/6 (ji-/Ø › ma-) → makoti</div>	A1 SD1 drill klasse kl5
kadi — welche Nominalklasse?	Kl. 9/10<hr><div class=konkordanz>kadi Kl. 9/10 (Ø/n-) → kadi — Numerus nur an der Konkordanz</div>	A1 SD1 drill klasse kl9
kiazi — welche Nominalklasse?	Kl. 7/8<hr><div class=konkordanz>kiazi Kl. 7/8 (ki- › vi-) → viazi</div>	A1 SD1 drill klasse kl7
darasa — welche Nominalklasse?	Kl. 5/6<hr><div class=konkordanz>darasa Kl. 5/6 (ji-/Ø › ma-) → madarasa</div>	A1 SD1 drill klasse kl5
nguo — welche Nominalklasse?	Kl. 9/10<hr><div class=konkordanz>nguo Kl. 9/10 (Ø/n-) → nguo — Numerus nur an der Konkordanz</div>	A1 SD1 drill klasse kl9
kodi — welche Nominalklasse?	Kl. 9/10<hr><div class=konkordanz>kodi Kl. 9/10 (Ø/n-) → kodi — Numerus nur an der Konkordanz</div>	A1 SD1 drill klasse kl9
maziwa — welche Nominalklasse?	Kl. 6<hr><div class=konkordanz>maziwa Kl. 6 (ma-), kein Numeruswechsel</div>	A1 SD1 drill klasse kl6
kati — welche Nominalklasse?	Kl. 9<hr><div class=konkordanz>kati Kl. 9 (Ø/n-), kein Numeruswechsel</div>	A1 SD1 drill klasse kl9
mama — welche Nominalklasse?	Kl. 9/10<hr><div class=konkordanz>mama Kl. 9/10 (Ø/n-) → mama — Numerus nur an der Konkordanz — Vorsicht: Form Kl. 9, aber Kongruenz Kl. 1/2 (Person)</div>	A1 SD1 drill klasse kl9
samani — welche Nominalklasse?	Kl. 9/10<hr><div class=konkordanz>samani Kl. 9/10 (Ø/n-) → samani — Numerus nur an der Konkordanz</div>	A1 SD1 drill klasse kl9
namba — welche Nominalklasse?	Kl. 9/10<hr><div class=konkordanz>namba Kl. 9/10 (Ø/n-) → namba — Numerus nur an der Konkordanz</div>	A1 SD1 drill klasse kl9
utaratibu — welche Nominalklasse?	Kl. 11/10<hr><div class=konkordanz>utaratibu Kl. 11/10 (u- › Ø/n-) → taratibu</div>	A1 SD1 drill klasse kl11
hati — welche Nominalklasse?	Kl. 9/10<hr><div class=konkordanz>hati Kl. 9/10 (Ø/n-) → hati — Numerus nur an der Konkordanz</div>	A1 SD1 drill klasse kl9
sherehe — welche Nominalklasse?	Kl. 9/10<hr><div class=konkordanz>sherehe Kl. 9/10 (Ø/n-) → sherehe — Numerus nur an der Konkordanz</div>	A1 SD1 drill klasse kl9
mapumziko — welche Nominalklasse?	Kl. 6<hr><div class=konkordanz>mapumziko Kl. 6 (ma-), kein Numeruswechsel</div>	A1 SD1 drill klasse kl6
polisi — welche Nominalklasse?	Kl. 9/10<hr><div class=konkordanz>polisi Kl. 9/10 (Ø/n-) → polisi — Numerus nur an der Konkordanz</div>	A1 SD1 drill klasse kl9
chipsi — welche Nominalklasse?	Kl. 10<hr><div class=konkordanz>chipsi Kl. 10 (Ø/n-), kein Numeruswechsel</div>	A1 SD1 drill klasse kl10
posta — welche Nominalklasse?	Kl. 9/10<hr><div class=konkordanz>posta Kl. 9/10 (Ø/n-) → posta — Numerus nur an der Konkordanz</div>	A1 SD1 drill klasse kl9
kliniki — welche Nominalklasse?	Kl. 9/10<hr><div class=konkordanz>kliniki Kl. 9/10 (Ø/n-) → kliniki — Numerus nur an der Konkordanz</div>	A1 SD1 drill klasse kl9
bili — welche Nominalklasse?	Kl. 9/10<hr><div class=konkordanz>bili Kl. 9/10 (Ø/n-) → bili — Numerus nur an der Konkordanz</div>	A1 SD1 drill klasse kl9
ukarabati — welche Nominalklasse?	Kl. 14<hr><div class=konkordanz>ukarabati Kl. 14 (u-), kein Numeruswechsel</div>	A1 SD1 drill klasse kl14
mapokezi — welche Nominalklasse?	Kl. 6<hr><div class=konkordanz>mapokezi Kl. 6 (ma-), kein Numeruswechsel</div>	A1 SD1 drill klasse kl6
shule — welche Nominalklasse?	Kl. 9/10<hr><div class=konkordanz>shule Kl. 9/10 (Ø/n-) → shule — Numerus nur an der Konkordanz</div>	A1 SD1 drill klasse kl9
dada — welche Nominalklasse?	Kl. 9/10<hr><div class=konkordanz>dada Kl. 9/10 (Ø/n-) → dada — Numerus nur an der Konkordanz — Vorsicht: Form Kl. 9, aber Kongruenz Kl. 1/2 (Person)</div>	A1 SD1 drill klasse kl9
kivutio — welche Nominalklasse?	Kl. 7/8<hr><div class=konkordanz>kivutio Kl. 7/8 (ki- › vi-) → vivutio</div>	A1 SD1 drill klasse kl7
jua — welche Nominalklasse?	Kl. 5/6<hr><div class=konkordanz>jua Kl. 5/6 (ji-/Ø › ma-) → majua</div>	A1 SD1 drill klasse kl5
menyu — welche Nominalklasse?	Kl. 9/10<hr><div class=konkordanz>menyu Kl. 9/10 (Ø/n-) → menyu — Numerus nur an der Konkordanz</div>	A1 SD1 drill klasse kl9
lugha — welche Nominalklasse?	Kl. 9/10<hr><div class=konkordanz>lugha Kl. 9/10 (Ø/n-) → lugha — Numerus nur an der Konkordanz</div>	A1 SD1 drill klasse kl9
mji — welche Nominalklasse?	Kl. 3/4<hr><div class=konkordanz>mji Kl. 3/4 (m-/mw- › mi-) → miji</div>	A1 SD1 drill klasse kl3
barabara — welche Nominalklasse?	Kl. 9/10<hr><div class=konkordanz>barabara Kl. 9/10 (Ø/n-) → barabara — Numerus nur an der Konkordanz</div>	A1 SD1 drill klasse kl9
tramu — welche Nominalklasse?	Kl. 9/10<hr><div class=konkordanz>tramu Kl. 9/10 (Ø/n-) → tramu — Numerus nur an der Konkordanz</div>	A1 SD1 drill klasse kl9
saa — welche Nominalklasse?	Kl. 9/10<hr><div class=konkordanz>saa Kl. 9/10 (Ø/n-) → saa — Numerus nur an der Konkordanz</div>	A1 SD1 drill klasse kl9
mfuko — welche Nominalklasse?	Kl. 3/4<hr><div class=konkordanz>mfuko Kl. 3/4 (m-/mw- › mi-) → mifuko</div>	A1 SD1 drill klasse kl3
binti — welche Nominalklasse?	Kl. 5/6<hr><div class=konkordanz>binti Kl. 5/6 (ji-/Ø › ma-) → mabinti — Vorsicht: Form Kl. 5, aber Kongruenz Kl. 1/2 (Person)</div>	A1 SD1 drill klasse kl5
choo — welche Nominalklasse?	Kl. 7/8<hr><div class=konkordanz>choo Kl. 7/8 (ki- › vi-) → vyoo</div>	A1 SD1 drill klasse kl7
nyanya — welche Nominalklasse?	Kl. 9/10<hr><div class=konkordanz>nyanya Kl. 9/10 (Ø/n-) → nyanya — Numerus nur an der Konkordanz</div>	A1 SD1 drill klasse kl9
ngazi — welche Nominalklasse?	Kl. 9/10<hr><div class=konkordanz>ngazi Kl. 9/10 (Ø/n-) → ngazi — Numerus nur an der Konkordanz</div>	A1 SD1 drill klasse kl9
sahihi — welche Nominalklasse?	Kl. 9/10<hr><div class=konkordanz>sahihi Kl. 9/10 (Ø/n-) → sahihi — Numerus nur an der Konkordanz</div>	A1 SD1 drill klasse kl9
uangalifu — welche Nominalklasse?	Kl. 14<hr><div class=konkordanz>uangalifu Kl. 14 (u-), kein Numeruswechsel</div>	A1 SD1 drill klasse kl14
dunia — welche Nominalklasse?	Kl. 9/10<hr><div class=konkordanz>dunia Kl. 9/10 (Ø/n-) → dunia — Numerus nur an der Konkordanz</div>	A1 SD1 drill klasse kl9
wakati — welche Nominalklasse?	Kl. 11/10<hr><div class=konkordanz>wakati Kl. 11/10 (u- › Ø/n-) → nyakati</div>	A1 SD1 drill klasse kl11
gazeti — welche Nominalklasse?	Kl. 5/6<hr><div class=konkordanz>gazeti Kl. 5/6 (ji-/Ø › ma-) → magazeti</div>	A1 SD1 drill klasse kl5
sigara — welche Nominalklasse?	Kl. 9/10<hr><div class=konkordanz>sigara Kl. 9/10 (Ø/n-) → sigara — Numerus nur an der Konkordanz</div>	A1 SD1 drill klasse kl9
jicho — Plural?	macho<hr><div class=konkordanz>jicho Kl. 5/6 (ji-/Ø › ma-) → macho</div>	A1 SD1 drill plural kl5
gari — Plural?	magari<hr><div class=konkordanz>gari Kl. 5/6 (ji-/Ø › ma-) → magari</div>	A1 SD1 drill plural kl5
mguu — Plural?	miguu<hr><div class=konkordanz>mguu Kl. 3/4 (m-/mw- › mi-) → miguu</div>	A1 SD1 drill plural kl3
mfano — Plural?	mifano<hr><div class=konkordanz>mfano Kl. 3/4 (m-/mw- › mi-) → mifano</div>	A1 SD1 drill plural kl3
kitanda — Plural?	vitanda<hr><div class=konkordanz>kitanda Kl. 7/8 (ki- › vi-) → vitanda</div>	A1 SD1 drill plural kl7
mkate — Plural?	mikate<hr><div class=konkordanz>mkate Kl. 3/4 (m-/mw- › mi-) → mikate</div>	A1 SD1 drill plural kl3
kitabu — Plural?	vitabu<hr><div class=konkordanz>kitabu Kl. 7/8 (ki- › vi-) → vitabu</div>	A1 SD1 drill plural kl7
mkahawa — Plural?	mikahawa<hr><div class=konkordanz>mkahawa Kl. 3/4 (m-/mw- › mi-) → mikahawa</div>	A1 SD1 drill plural kl3
kijiji — Plural?	vijiji<hr><div class=konkordanz>kijiji Kl. 7/8 (ki- › vi-) → vijiji</div>	A1 SD1 drill plural kl7
yai — Plural?	mayai<hr><div class=konkordanz>yai Kl. 5/6 (ji-/Ø › ma-) → mayai</div>	A1 SD1 drill plural kl5
mwisho — Plural?	miisho<hr><div class=konkordanz>mwisho Kl. 3/4 (m-/mw- › mi-) → miisho</div>	A1 SD1 drill plural kl3
tokeo — Plural?	matokeo<hr><div class=konkordanz>tokeo Kl. 5/6 (ji-/Ø › ma-) → matokeo</div>	A1 SD1 drill plural kl5
chakula — Plural?	vyakula<hr><div class=konkordanz>chakula Kl. 7/8 (ki- › vi-) → vyakula</div>	A1 SD1 drill plural kl7
moto — Plural?	mioto<hr><div class=konkordanz>moto Kl. 3/4 (m-/mw- › mi-) → mioto</div>	A1 SD1 drill plural kl3
mzigo — Plural?	mizigo<hr><div class=konkordanz>mzigo Kl. 3/4 (m-/mw- › mi-) → mizigo</div>	A1 SD1 drill plural kl3
duka — Plural?	maduka<hr><div class=konkordanz>duka Kl. 5/6 (ji-/Ø › ma-) → maduka</div>	A1 SD1 drill plural kl5
kinywaji — Plural?	vinywaji<hr><div class=konkordanz>kinywaji Kl. 7/8 (ki- › vi-) → vinywaji</div>	A1 SD1 drill plural kl7
jukwaa — Plural?	majukwaa<hr><div class=konkordanz>jukwaa Kl. 5/6 (ji-/Ø › ma-) → majukwaa</div>	A1 SD1 drill plural kl5
unywele — Plural?	nywele<hr><div class=konkordanz>unywele Kl. 11/10 (u- › Ø/n-) → nywele</div>	A1 SD1 drill plural kl11
mtandao — Plural?	mitandao<hr><div class=konkordanz>mtandao Kl. 3/4 (m-/mw- › mi-) → mitandao</div>	A1 SD1 drill plural kl3
mtoto — Plural?	watoto<hr><div class=konkordanz>mtoto Kl. 1/2 (m-/mw- › wa-) → watoto</div>	A1 SD1 drill plural kl1
mwanga — Plural?	mianga<hr><div class=konkordanz>mwanga Kl. 3/4 (m-/mw- › mi-) → mianga</div>	A1 SD1 drill plural kl3
wimbo — Plural?	nyimbo<hr><div class=konkordanz>wimbo Kl. 11/10 (u- › Ø/n-) → nyimbo</div>	A1 SD1 drill plural kl11
msichana — Plural?	wasichana<hr><div class=konkordanz>msichana Kl. 1/2 (m-/mw- › wa-) → wasichana</div>	A1 SD1 drill plural kl1
tunda — Plural?	matunda<hr><div class=konkordanz>tunda Kl. 5/6 (ji-/Ø › ma-) → matunda</div>	A1 SD1 drill plural kl5
tatizo — Plural?	matatizo<hr><div class=konkordanz>tatizo Kl. 5/6 (ji-/Ø › ma-) → matatizo</div>	A1 SD1 drill plural kl5
neno — Plural?	maneno<hr><div class=konkordanz>neno Kl. 5/6 (ji-/Ø › ma-) → maneno</div>	A1 SD1 drill plural kl5
chumba — Plural?	vyumba<hr><div class=konkordanz>chumba Kl. 7/8 (ki- › vi-) → vyumba</div>	A1 SD1 drill plural kl7
mtumaji — Plural?	watumaji<hr><div class=konkordanz>mtumaji Kl. 1/2 (m-/mw- › wa-) → watumaji</div>	A1 SD1 drill plural kl1
mwanzo — Plural?	mianzo<hr><div class=konkordanz>mwanzo Kl. 3/4 (m-/mw- › mi-) → mianzo</div>	A1 SD1 drill plural kl3
muunganisho — Plural?	miunganisho<hr><div class=konkordanz>muunganisho Kl. 3/4 (m-/mw- › mi-) → miunganisho</div>	A1 SD1 drill plural kl3
tofaa — Plural?	matofaa<hr><div class=konkordanz>tofaa Kl. 5/6 (ji-/Ø › ma-) → matofaa</div>	A1 SD1 drill plural kl5
mkono — Plural?	mikono<hr><div class=konkordanz>mkono Kl. 3/4 (m-/mw- › mi-) → mikono</div>	A1 SD1 drill plural kl3
daktari — Plural?	madaktari<hr><div class=konkordanz>daktari Kl. 5/6 (ji-/Ø › ma-) → madaktari</div>	A1 SD1 drill plural kl5
mgeni — Plural?	wageni<hr><div class=konkordanz>mgeni Kl. 1/2 (m-/mw- › wa-) → wageni</div>	A1 SD1 drill plural kl1
kitambulisho — Plural?	vitambulisho<hr><div class=konkordanz>kitambulisho Kl. 7/8 (ki- › vi-) → vitambulisho</div>	A1 SD1 drill plural kl7
tumbo — Plural?	matumbo<hr><div class=konkordanz>tumbo Kl. 5/6 (ji-/Ø › ma-) → matumbo</div>	A1 SD1 drill plural kl5
mti — Plural?	miti<hr><div class=konkordanz>mti Kl. 3/4 (m-/mw- › mi-) → miti</div>	A1 SD1 drill plural kl3
basi — Plural?	mabasi<hr><div class=konkordanz>basi Kl. 5/6 (ji-/Ø › ma-) → mabasi</div>	A1 SD1 drill plural kl5
bosi — Plural?	mabosi<hr><div class=konkordanz>bosi Kl. 5/6 (ji-/Ø › ma-) → mabosi</div>	A1 SD1 drill plural kl5
kiingilio — Plural?	viingilio<hr><div class=konkordanz>kiingilio Kl. 7/8 (ki- › vi-) → viingilio</div>	A1 SD1 drill plural kl7
mpokeaji — Plural?	wapokeaji<hr><div class=konkordanz>mpokeaji Kl. 1/2 (m-/mw- › wa-) → wapokeaji</div>	A1 SD1 drill plural kl1
dereva — Plural?	madereva<hr><div class=konkordanz>dereva Kl. 5/6 (ji-/Ø › ma-) → madereva</div>	A1 SD1 drill plural kl5
kosa — Plural?	makosa<hr><div class=konkordanz>kosa Kl. 5/6 (ji-/Ø › ma-) → makosa</div>	A1 SD1 drill plural kl5
jiko — Plural?	majiko<hr><div class=konkordanz>jiko Kl. 5/6 (ji-/Ø › ma-) → majiko</div>	A1 SD1 drill plural kl5
bwana — Plural?	mabwana<hr><div class=konkordanz>bwana Kl. 5/6 (ji-/Ø › ma-) → mabwana</div>	A1 SD1 drill plural kl5
kijana — Plural?	vijana<hr><div class=konkordanz>kijana Kl. 7/8 (ki- › vi-) → vijana</div>	A1 SD1 drill plural kl7
mvulana — Plural?	wavulana<hr><div class=konkordanz>mvulana Kl. 1/2 (m-/mw- › wa-) → wavulana</div>	A1 SD1 drill plural kl1
kibanda — Plural?	vibanda<hr><div class=konkordanz>kibanda Kl. 7/8 (ki- › vi-) → vibanda</div>	A1 SD1 drill plural kl7
sanduku — Plural?	masanduku<hr><div class=konkordanz>sanduku Kl. 5/6 (ji-/Ø › ma-) → masanduku</div>	A1 SD1 drill plural kl5
mwenzi — Plural?	wenzi<hr><div class=konkordanz>mwenzi Kl. 1/2 (m-/mw- › wa-) → wenzi</div>	A1 SD1 drill plural kl1
kichwa — Plural?	vichwa<hr><div class=konkordanz>kichwa Kl. 7/8 (ki- › vi-) → vichwa</div>	A1 SD1 drill plural kl7
mteja — Plural?	wateja<hr><div class=konkordanz>mteja Kl. 1/2 (m-/mw- › wa-) → wateja</div>	A1 SD1 drill plural kl1
mwalimu — Plural?	walimu<hr><div class=konkordanz>mwalimu Kl. 1/2 (m-/mw- › wa-) → walimu</div>	A1 SD1 drill plural kl1
lori — Plural?	malori<hr><div class=konkordanz>lori Kl. 5/6 (ji-/Ø › ma-) → malori</div>	A1 SD1 drill plural kl5
mwanamume — Plural?	wanaume<hr><div class=konkordanz>mwanamume Kl. 1/2 (m-/mw- › wa-) → wanaume</div>	A1 SD1 drill plural kl1
mtu — Plural?	watu<hr><div class=konkordanz>mtu Kl. 1/2 (m-/mw- › wa-) → watu</div>	A1 SD1 drill plural kl1
muda — Plural?	nyakati<hr><div class=konkordanz>muda Kl. 3/10 (m-/mw- › Ø/n-) → nyakati</div>	A1 SD1 drill plural kl3
mdomo — Plural?	midomo<hr><div class=konkordanz>mdomo Kl. 3/4 (m-/mw- › mi-) → midomo</div>	A1 SD1 drill plural kl3
jina — Plural?	majina<hr><div class=konkordanz>jina Kl. 5/6 (ji-/Ø › ma-) → majina</div>	A1 SD1 drill plural kl5
mpango — Plural?	mipango<hr><div class=konkordanz>mpango Kl. 3/4 (m-/mw- › mi-) → mipango</div>	A1 SD1 drill plural kl3
kijitabu — Plural?	vijitabu<hr><div class=konkordanz>kijitabu Kl. 7/8 (ki- › vi-) → vijitabu</div>	A1 SD1 drill plural kl7
mchele — Plural?	michele<hr><div class=konkordanz>mchele Kl. 3/4 (m-/mw- › mi-) → michele</div>	A1 SD1 drill plural kl3
ufunguo — Plural?	funguo<hr><div class=konkordanz>ufunguo Kl. 11/10 (u- › Ø/n-) → funguo</div>	A1 SD1 drill plural kl11
kabati — Plural?	makabati<hr><div class=konkordanz>kabati Kl. 5/6 (ji-/Ø › ma-) → makabati</div>	A1 SD1 drill plural kl5
kiatu — Plural?	viatu<hr><div class=konkordanz>kiatu Kl. 7/8 (ki- › vi-) → viatu</div>	A1 SD1 drill plural kl7
mwanafunzi — Plural?	wanafunzi<hr><div class=konkordanz>mwanafunzi Kl. 1/2 (m-/mw- › wa-) → wanafunzi</div>	A1 SD1 drill plural kl1
ziwa — Plural?	maziwa<hr><div class=konkordanz>ziwa Kl. 5/6 (ji-/Ø › ma-) → maziwa</div>	A1 SD1 drill plural kl5
mwana — Plural?	wana<hr><div class=konkordanz>mwana Kl. 1/2 (m-/mw- › wa-) → wana</div>	A1 SD1 drill plural kl1
mchezo — Plural?	michezo<hr><div class=konkordanz>mchezo Kl. 3/4 (m-/mw- › mi-) → michezo</div>	A1 SD1 drill plural kl3
mtihani — Plural?	mitihani<hr><div class=konkordanz>mtihani Kl. 3/4 (m-/mw- › mi-) → mitihani</div>	A1 SD1 drill plural kl3
chama — Plural?	vyama<hr><div class=konkordanz>chama Kl. 7/8 (ki- › vi-) → vyama</div>	A1 SD1 drill plural kl7
muuzaji — Plural?	wauzaji<hr><div class=konkordanz>muuzaji Kl. 1/2 (m-/mw- › wa-) → wauzaji</div>	A1 SD1 drill plural kl1
mvinyo — Plural?	mivinyo<hr><div class=konkordanz>mvinyo Kl. 3/4 (m-/mw- › mi-) → mivinyo</div>	A1 SD1 drill plural kl3
upepo — Plural?	pepo<hr><div class=konkordanz>upepo Kl. 11/10 (u- › Ø/n-) → pepo</div>	A1 SD1 drill plural kl11
tangazo — Plural?	matangazo<hr><div class=konkordanz>tangazo Kl. 5/6 (ji-/Ø › ma-) → matangazo</div>	A1 SD1 drill plural kl5
jibu — Plural?	majibu<hr><div class=konkordanz>jibu Kl. 5/6 (ji-/Ø › ma-) → majibu</div>	A1 SD1 drill plural kl5
pea — Plural?	mapea<hr><div class=konkordanz>pea Kl. 5/6 (ji-/Ø › ma-) → mapea</div>	A1 SD1 drill plural kl5
ombi — Plural?	maombi<hr><div class=konkordanz>ombi Kl. 5/6 (ji-/Ø › ma-) → maombi</div>	A1 SD1 drill plural kl5
ua — Plural?	maua<hr><div class=konkordanz>ua Kl. 5/6 (ji-/Ø › ma-) → maua</div>	A1 SD1 drill plural kl5
bibi — Plural?	mabibi<hr><div class=konkordanz>bibi Kl. 5/6 (ji-/Ø › ma-) → mabibi</div>	A1 SD1 drill plural kl5
mke — Plural?	wake<hr><div class=konkordanz>mke Kl. 1/2 (m-/mw- › wa-) → wake</div>	A1 SD1 drill plural kl1
mwaliko — Plural?	mialiko<hr><div class=konkordanz>mwaliko Kl. 3/4 (m-/mw- › mi-) → mialiko</div>	A1 SD1 drill plural kl3
mzazi — Plural?	wazazi<hr><div class=konkordanz>mzazi Kl. 1/2 (m-/mw- › wa-) → wazazi</div>	A1 SD1 drill plural kl1
swali — Plural?	maswali<hr><div class=konkordanz>swali Kl. 5/6 (ji-/Ø › ma-) → maswali</div>	A1 SD1 drill plural kl5
mwanamke — Plural?	wanawake<hr><div class=konkordanz>mwanamke Kl. 1/2 (m-/mw- › wa-) → wanawake</div>	A1 SD1 drill plural kl1
kikundi — Plural?	vikundi<hr><div class=konkordanz>kikundi Kl. 7/8 (ki- › vi-) → vikundi</div>	A1 SD1 drill plural kl7
ukumbi — Plural?	kumbi<hr><div class=konkordanz>ukumbi Kl. 11/10 (u- › Ø/n-) → kumbi</div>	A1 SD1 drill plural kl11
kituo — Plural?	vituo<hr><div class=konkordanz>kituo Kl. 7/8 (ki- › vi-) → vituo</div>	A1 SD1 drill plural kl7
msaada — Plural?	misaada<hr><div class=konkordanz>msaada Kl. 3/4 (m-/mw- › mi-) → misaada</div>	A1 SD1 drill plural kl3
koti — Plural?	makoti<hr><div class=konkordanz>koti Kl. 5/6 (ji-/Ø › ma-) → makoti</div>	A1 SD1 drill plural kl5
kiazi — Plural?	viazi<hr><div class=konkordanz>kiazi Kl. 7/8 (ki- › vi-) → viazi</div>	A1 SD1 drill plural kl7
darasa — Plural?	madarasa<hr><div class=konkordanz>darasa Kl. 5/6 (ji-/Ø › ma-) → madarasa</div>	A1 SD1 drill plural kl5
utaratibu — Plural?	taratibu<hr><div class=konkordanz>utaratibu Kl. 11/10 (u- › Ø/n-) → taratibu</div>	A1 SD1 drill plural kl11
kivutio — Plural?	vivutio<hr><div class=konkordanz>kivutio Kl. 7/8 (ki- › vi-) → vivutio</div>	A1 SD1 drill plural kl7
jua — Plural?	majua<hr><div class=konkordanz>jua Kl. 5/6 (ji-/Ø › ma-) → majua</div>	A1 SD1 drill plural kl5
mji — Plural?	miji<hr><div class=konkordanz>mji Kl. 3/4 (m-/mw- › mi-) → miji</div>	A1 SD1 drill plural kl3
mfuko — Plural?	mifuko<hr><div class=konkordanz>mfuko Kl. 3/4 (m-/mw- › mi-) → mifuko</div>	A1 SD1 drill plural kl3
binti — Plural?	mabinti<hr><div class=konkordanz>binti Kl. 5/6 (ji-/Ø › ma-) → mabinti</div>	A1 SD1 drill plural kl5
choo — Plural?	vyoo<hr><div class=konkordanz>choo Kl. 7/8 (ki- › vi-) → vyoo</div>	A1 SD1 drill plural kl7
wakati — Plural?	nyakati<hr><div class=konkordanz>wakati Kl. 11/10 (u- › Ø/n-) → nyakati</div>	A1 SD1 drill plural kl11
gazeti — Plural?	magazeti<hr><div class=konkordanz>gazeti Kl. 5/6 (ji-/Ø › ma-) → magazeti</div>	A1 SD1 drill plural kl5
Kl. 1 — Subjektpräfix?	a-<hr><div class=konkordanz>Kl.1: SUBJ a- · ADJ m-/mw- · GEN wa · DEM huyu/yule · POSS w- · REL -ye</div>	A1 SD1 drill konkordanz kl1
Kl. 1 — Objektpräfix?	-m-<hr><div class=konkordanz>Kl.1: SUBJ a- · ADJ m-/mw- · GEN wa · DEM huyu/yule · POSS w- · REL -ye</div>	A1 SD1 drill konkordanz kl1
Kl. 1 — Adjektivpräfix?	m-/mw-<hr><div class=konkordanz>Kl.1: SUBJ a- · ADJ m-/mw- · GEN wa · DEM huyu/yule · POSS w- · REL -ye</div>	A1 SD1 drill konkordanz kl1
Kl. 1 — Genitiv?	wa<hr><div class=konkordanz>Kl.1: SUBJ a- · ADJ m-/mw- · GEN wa · DEM huyu/yule · POSS w- · REL -ye</div>	A1 SD1 drill konkordanz kl1
Kl. 1 — Demonstrativ nah?	huyu<hr><div class=konkordanz>Kl.1: SUBJ a- · ADJ m-/mw- · GEN wa · DEM huyu/yule · POSS w- · REL -ye</div>	A1 SD1 drill konkordanz kl1
Kl. 1 — Demonstrativ fern?	yule<hr><div class=konkordanz>Kl.1: SUBJ a- · ADJ m-/mw- · GEN wa · DEM huyu/yule · POSS w- · REL -ye</div>	A1 SD1 drill konkordanz kl1
Kl. 1 — Possessivpräfix?	w-<hr><div class=konkordanz>Kl.1: SUBJ a- · ADJ m-/mw- · GEN wa · DEM huyu/yule · POSS w- · REL -ye</div>	A1 SD1 drill konkordanz kl1
Kl. 1 — Relativinfix?	-ye<hr><div class=konkordanz>Kl.1: SUBJ a- · ADJ m-/mw- · GEN wa · DEM huyu/yule · POSS w- · REL -ye</div>	A1 SD1 drill konkordanz kl1
Kl. 2 — Subjektpräfix?	wa-<hr><div class=konkordanz>Kl.2: SUBJ wa- · ADJ wa- · GEN wa · DEM hawa/wale · POSS w- · REL -o</div>	A1 SD1 drill konkordanz kl2
Kl. 2 — Objektpräfix?	-wa-<hr><div class=konkordanz>Kl.2: SUBJ wa- · ADJ wa- · GEN wa · DEM hawa/wale · POSS w- · REL -o</div>	A1 SD1 drill konkordanz kl2
Kl. 2 — Adjektivpräfix?	wa-<hr><div class=konkordanz>Kl.2: SUBJ wa- · ADJ wa- · GEN wa · DEM hawa/wale · POSS w- · REL -o</div>	A1 SD1 drill konkordanz kl2
Kl. 2 — Genitiv?	wa<hr><div class=konkordanz>Kl.2: SUBJ wa- · ADJ wa- · GEN wa · DEM hawa/wale · POSS w- · REL -o</div>	A1 SD1 drill konkordanz kl2
Kl. 2 — Demonstrativ nah?	hawa<hr><div class=konkordanz>Kl.2: SUBJ wa- · ADJ wa- · GEN wa · DEM hawa/wale · POSS w- · REL -o</div>	A1 SD1 drill konkordanz kl2
Kl. 2 — Demonstrativ fern?	wale<hr><div class=konkordanz>Kl.2: SUBJ wa- · ADJ wa- · GEN wa · DEM hawa/wale · POSS w- · REL -o</div>	A1 SD1 drill konkordanz kl2
Kl. 2 — Possessivpräfix?	w-<hr><div class=konkordanz>Kl.2: SUBJ wa- · ADJ wa- · GEN wa · DEM hawa/wale · POSS w- · REL -o</div>	A1 SD1 drill konkordanz kl2
Kl. 2 — Relativinfix?	-o<hr><div class=konkordanz>Kl.2: SUBJ wa- · ADJ wa- · GEN wa · DEM hawa/wale · POSS w- · REL -o</div>	A1 SD1 drill konkordanz kl2
Kl. 3 — Subjektpräfix?	u-<hr><div class=konkordanz>Kl.3: SUBJ u- · ADJ m-/mw- · GEN wa · DEM huu/ule · POSS w- · REL -o</div>	A1 SD1 drill konkordanz kl3
Kl. 3 — Objektpräfix?	-u-<hr><div class=konkordanz>Kl.3: SUBJ u- · ADJ m-/mw- · GEN wa · DEM huu/ule · POSS w- · REL -o</div>	A1 SD1 drill konkordanz kl3
Kl. 3 — Adjektivpräfix?	m-/mw-<hr><div class=konkordanz>Kl.3: SUBJ u- · ADJ m-/mw- · GEN wa · DEM huu/ule · POSS w- · REL -o</div>	A1 SD1 drill konkordanz kl3
Kl. 3 — Genitiv?	wa<hr><div class=konkordanz>Kl.3: SUBJ u- · ADJ m-/mw- · GEN wa · DEM huu/ule · POSS w- · REL -o</div>	A1 SD1 drill konkordanz kl3
Kl. 3 — Demonstrativ nah?	huu<hr><div class=konkordanz>Kl.3: SUBJ u- · ADJ m-/mw- · GEN wa · DEM huu/ule · POSS w- · REL -o</div>	A1 SD1 drill konkordanz kl3
Kl. 3 — Demonstrativ fern?	ule<hr><div class=konkordanz>Kl.3: SUBJ u- · ADJ m-/mw- · GEN wa · DEM huu/ule · POSS w- · REL -o</div>	A1 SD1 drill konkordanz kl3
Kl. 3 — Possessivpräfix?	w-<hr><div class=konkordanz>Kl.3: SUBJ u- · ADJ m-/mw- · GEN wa · DEM huu/ule · POSS w- · REL -o</div>	A1 SD1 drill konkordanz kl3
Kl. 3 — Relativinfix?	-o<hr><div class=konkordanz>Kl.3: SUBJ u- · ADJ m-/mw- · GEN wa · DEM huu/ule · POSS w- · REL -o</div>	A1 SD1 drill konkordanz kl3
Kl. 4 — Subjektpräfix?	i-<hr><div class=konkordanz>Kl.4: SUBJ i- · ADJ mi- · GEN ya · DEM hii/ile · POSS y- · REL -yo</div>	A1 SD1 drill konkordanz kl4
Kl. 4 — Objektpräfix?	-i-<hr><div class=konkordanz>Kl.4: SUBJ i- · ADJ mi- · GEN ya · DEM hii/ile · POSS y- · REL -yo</div>	A1 SD1 drill konkordanz kl4
Kl. 4 — Adjektivpräfix?	mi-<hr><div class=konkordanz>Kl.4: SUBJ i- · ADJ mi- · GEN ya · DEM hii/ile · POSS y- · REL -yo</div>	A1 SD1 drill konkordanz kl4
Kl. 4 — Genitiv?	ya<hr><div class=konkordanz>Kl.4: SUBJ i- · ADJ mi- · GEN ya · DEM hii/ile · POSS y- · REL -yo</div>	A1 SD1 drill konkordanz kl4
Kl. 4 — Demonstrativ nah?	hii<hr><div class=konkordanz>Kl.4: SUBJ i- · ADJ mi- · GEN ya · DEM hii/ile · POSS y- · REL -yo</div>	A1 SD1 drill konkordanz kl4
Kl. 4 — Demonstrativ fern?	ile<hr><div class=konkordanz>Kl.4: SUBJ i- · ADJ mi- · GEN ya · DEM hii/ile · POSS y- · REL -yo</div>	A1 SD1 drill konkordanz kl4
Kl. 4 — Possessivpräfix?	y-<hr><div class=konkordanz>Kl.4: SUBJ i- · ADJ mi- · GEN ya · DEM hii/ile · POSS y- · REL -yo</div>	A1 SD1 drill konkordanz kl4
Kl. 4 — Relativinfix?	-yo<hr><div class=konkordanz>Kl.4: SUBJ i- · ADJ mi- · GEN ya · DEM hii/ile · POSS y- · REL -yo</div>	A1 SD1 drill konkordanz kl4
Kl. 5 — Subjektpräfix?	li-<hr><div class=konkordanz>Kl.5: SUBJ li- · ADJ ji-/Ø · GEN la · DEM hili/lile · POSS l- · REL -lo</div>	A1 SD1 drill konkordanz kl5
Kl. 5 — Objektpräfix?	-li-<hr><div class=konkordanz>Kl.5: SUBJ li- · ADJ ji-/Ø · GEN la · DEM hili/lile · POSS l- · REL -lo</div>	A1 SD1 drill konkordanz kl5
Kl. 5 — Adjektivpräfix?	ji-/Ø<hr><div class=konkordanz>Kl.5: SUBJ li- · ADJ ji-/Ø · GEN la · DEM hili/lile · POSS l- · REL -lo</div>	A1 SD1 drill konkordanz kl5
Kl. 5 — Genitiv?	la<hr><div class=konkordanz>Kl.5: SUBJ li- · ADJ ji-/Ø · GEN la · DEM hili/lile · POSS l- · REL -lo</div>	A1 SD1 drill konkordanz kl5
Kl. 5 — Demonstrativ nah?	hili<hr><div class=konkordanz>Kl.5: SUBJ li- · ADJ ji-/Ø · GEN la · DEM hili/lile · POSS l- · REL -lo</div>	A1 SD1 drill konkordanz kl5
Kl. 5 — Demonstrativ fern?	lile<hr><div class=konkordanz>Kl.5: SUBJ li- · ADJ ji-/Ø · GEN la · DEM hili/lile · POSS l- · REL -lo</div>	A1 SD1 drill konkordanz kl5
Kl. 5 — Possessivpräfix?	l-<hr><div class=konkordanz>Kl.5: SUBJ li- · ADJ ji-/Ø · GEN la · DEM hili/lile · POSS l- · REL -lo</div>	A1 SD1 drill konkordanz kl5
Kl. 5 — Relativinfix?	-lo<hr><div class=konkordanz>Kl.5: SUBJ li- · ADJ ji-/Ø · GEN la · DEM hili/lile · POSS l- · REL -lo</div>	A1 SD1 drill konkordanz kl5
Kl. 6 — Subjektpräfix?	ya-<hr><div class=konkordanz>Kl.6: SUBJ ya- · ADJ ma- · GEN ya · DEM haya/yale · POSS y- · REL -yo</div>	A1 SD1 drill konkordanz kl6
Kl. 6 — Objektpräfix?	-ya-<hr><div class=konkordanz>Kl.6: SUBJ ya- · ADJ ma- · GEN ya · DEM haya/yale · POSS y- · REL -yo</div>	A1 SD1 drill konkordanz kl6
Kl. 6 — Adjektivpräfix?	ma-<hr><div class=konkordanz>Kl.6: SUBJ ya- · ADJ ma- · GEN ya · DEM haya/yale · POSS y- · REL -yo</div>	A1 SD1 drill konkordanz kl6
Kl. 6 — Genitiv?	ya<hr><div class=konkordanz>Kl.6: SUBJ ya- · ADJ ma- · GEN ya · DEM haya/yale · POSS y- · REL -yo</div>	A1 SD1 drill konkordanz kl6
Kl. 6 — Demonstrativ nah?	haya<hr><div class=konkordanz>Kl.6: SUBJ ya- · ADJ ma- · GEN ya · DEM haya/yale · POSS y- · REL -yo</div>	A1 SD1 drill konkordanz kl6
Kl. 6 — Demonstrativ fern?	yale<hr><div class=konkordanz>Kl.6: SUBJ ya- · ADJ ma- · GEN ya · DEM haya/yale · POSS y- · REL -yo</div>	A1 SD1 drill konkordanz kl6
Kl. 6 — Possessivpräfix?	y-<hr><div class=konkordanz>Kl.6: SUBJ ya- · ADJ ma- · GEN ya · DEM haya/yale · POSS y- · REL -yo</div>	A1 SD1 drill konkordanz kl6
Kl. 6 — Relativinfix?	-yo<hr><div class=konkordanz>Kl.6: SUBJ ya- · ADJ ma- · GEN ya · DEM haya/yale · POSS y- · REL -yo</div>	A1 SD1 drill konkordanz kl6
Kl. 7 — Subjektpräfix?	ki-<hr><div class=konkordanz>Kl.7: SUBJ ki- · ADJ ki- · GEN cha · DEM hiki/kile · POSS ch- · REL -cho</div>	A1 SD1 drill konkordanz kl7
Kl. 7 — Objektpräfix?	-ki-<hr><div class=konkordanz>Kl.7: SUBJ ki- · ADJ ki- · GEN cha · DEM hiki/kile · POSS ch- · REL -cho</div>	A1 SD1 drill konkordanz kl7
Kl. 7 — Adjektivpräfix?	ki-<hr><div class=konkordanz>Kl.7: SUBJ ki- · ADJ ki- · GEN cha · DEM hiki/kile · POSS ch- · REL -cho</div>	A1 SD1 drill konkordanz kl7
Kl. 7 — Genitiv?	cha<hr><div class=konkordanz>Kl.7: SUBJ ki- · ADJ ki- · GEN cha · DEM hiki/kile · POSS ch- · REL -cho</div>	A1 SD1 drill konkordanz kl7
Kl. 7 — Demonstrativ nah?	hiki<hr><div class=konkordanz>Kl.7: SUBJ ki- · ADJ ki- · GEN cha · DEM hiki/kile · POSS ch- · REL -cho</div>	A1 SD1 drill konkordanz kl7
Kl. 7 — Demonstrativ fern?	kile<hr><div class=konkordanz>Kl.7: SUBJ ki- · ADJ ki- · GEN cha · DEM hiki/kile · POSS ch- · REL -cho</div>	A1 SD1 drill konkordanz kl7
Kl. 7 — Possessivpräfix?	ch-<hr><div class=konkordanz>Kl.7: SUBJ ki- · ADJ ki- · GEN cha · DEM hiki/kile · POSS ch- · REL -cho</div>	A1 SD1 drill konkordanz kl7
Kl. 7 — Relativinfix?	-cho<hr><div class=konkordanz>Kl.7: SUBJ ki- · ADJ ki- · GEN cha · DEM hiki/kile · POSS ch- · REL -cho</div>	A1 SD1 drill konkordanz kl7
Kl. 8 — Subjektpräfix?	vi-<hr><div class=konkordanz>Kl.8: SUBJ vi- · ADJ vi- · GEN vya · DEM hivi/vile · POSS vy- · REL -vyo</div>	A1 SD1 drill konkordanz kl8
Kl. 8 — Objektpräfix?	-vi-<hr><div class=konkordanz>Kl.8: SUBJ vi- · ADJ vi- · GEN vya · DEM hivi/vile · POSS vy- · REL -vyo</div>	A1 SD1 drill konkordanz kl8
Kl. 8 — Adjektivpräfix?	vi-<hr><div class=konkordanz>Kl.8: SUBJ vi- · ADJ vi- · GEN vya · DEM hivi/vile · POSS vy- · REL -vyo</div>	A1 SD1 drill konkordanz kl8
Kl. 8 — Genitiv?	vya<hr><div class=konkordanz>Kl.8: SUBJ vi- · ADJ vi- · GEN vya · DEM hivi/vile · POSS vy- · REL -vyo</div>	A1 SD1 drill konkordanz kl8
Kl. 8 — Demonstrativ nah?	hivi<hr><div class=konkordanz>Kl.8: SUBJ vi- · ADJ vi- · GEN vya · DEM hivi/vile · POSS vy- · REL -vyo</div>	A1 SD1 drill konkordanz kl8
Kl. 8 — Demonstrativ fern?	vile<hr><div class=konkordanz>Kl.8: SUBJ vi- · ADJ vi- · GEN vya · DEM hivi/vile · POSS vy- · REL -vyo</div>	A1 SD1 drill konkordanz kl8
Kl. 8 — Possessivpräfix?	vy-<hr><div class=konkordanz>Kl.8: SUBJ vi- · ADJ vi- · GEN vya · DEM hivi/vile · POSS vy- · REL -vyo</div>	A1 SD1 drill konkordanz kl8
Kl. 8 — Relativinfix?	-vyo<hr><div class=konkordanz>Kl.8: SUBJ vi- · ADJ vi- · GEN vya · DEM hivi/vile · POSS vy- · REL -vyo</div>	A1 SD1 drill konkordanz kl8
Kl. 9 — Subjektpräfix?	i-<hr><div class=konkordanz>Kl.9: SUBJ i- · ADJ Ø/n- · GEN ya · DEM hii/ile · POSS y- · REL -yo</div>	A1 SD1 drill konkordanz kl9
Kl. 9 — Objektpräfix?	-i-<hr><div class=konkordanz>Kl.9: SUBJ i- · ADJ Ø/n- · GEN ya · DEM hii/ile · POSS y- · REL -yo</div>	A1 SD1 drill konkordanz kl9
Kl. 9 — Adjektivpräfix?	Ø/n-<hr><div class=konkordanz>Kl.9: SUBJ i- · ADJ Ø/n- · GEN ya · DEM hii/ile · POSS y- · REL -yo</div>	A1 SD1 drill konkordanz kl9
Kl. 9 — Genitiv?	ya<hr><div class=konkordanz>Kl.9: SUBJ i- · ADJ Ø/n- · GEN ya · DEM hii/ile · POSS y- · REL -yo</div>	A1 SD1 drill konkordanz kl9
Kl. 9 — Demonstrativ nah?	hii<hr><div class=konkordanz>Kl.9: SUBJ i- · ADJ Ø/n- · GEN ya · DEM hii/ile · POSS y- · REL -yo</div>	A1 SD1 drill konkordanz kl9
Kl. 9 — Demonstrativ fern?	ile<hr><div class=konkordanz>Kl.9: SUBJ i- · ADJ Ø/n- · GEN ya · DEM hii/ile · POSS y- · REL -yo</div>	A1 SD1 drill konkordanz kl9
Kl. 9 — Possessivpräfix?	y-<hr><div class=konkordanz>Kl.9: SUBJ i- · ADJ Ø/n- · GEN ya · DEM hii/ile · POSS y- · REL -yo</div>	A1 SD1 drill konkordanz kl9
Kl. 9 — Relativinfix?	-yo<hr><div class=konkordanz>Kl.9: SUBJ i- · ADJ Ø/n- · GEN ya · DEM hii/ile · POSS y- · REL -yo</div>	A1 SD1 drill konkordanz kl9
Kl. 10 — Subjektpräfix?	zi-<hr><div class=konkordanz>Kl.10: SUBJ zi- · ADJ Ø/n- · GEN za · DEM hizi/zile · POSS z- · REL -zo</div>	A1 SD1 drill konkordanz kl10
Kl. 10 — Objektpräfix?	-zi-<hr><div class=konkordanz>Kl.10: SUBJ zi- · ADJ Ø/n- · GEN za · DEM hizi/zile · POSS z- · REL -zo</div>	A1 SD1 drill konkordanz kl10
Kl. 10 — Adjektivpräfix?	Ø/n-<hr><div class=konkordanz>Kl.10: SUBJ zi- · ADJ Ø/n- · GEN za · DEM hizi/zile · POSS z- · REL -zo</div>	A1 SD1 drill konkordanz kl10
Kl. 10 — Genitiv?	za<hr><div class=konkordanz>Kl.10: SUBJ zi- · ADJ Ø/n- · GEN za · DEM hizi/zile · POSS z- · REL -zo</div>	A1 SD1 drill konkordanz kl10
Kl. 10 — Demonstrativ nah?	hizi<hr><div class=konkordanz>Kl.10: SUBJ zi- · ADJ Ø/n- · GEN za · DEM hizi/zile · POSS z- · REL -zo</div>	A1 SD1 drill konkordanz kl10
Kl. 10 — Demonstrativ fern?	zile<hr><div class=konkordanz>Kl.10: SUBJ zi- · ADJ Ø/n- · GEN za · DEM hizi/zile · POSS z- · REL -zo</div>	A1 SD1 drill konkordanz kl10
Kl. 10 — Possessivpräfix?	z-<hr><div class=konkordanz>Kl.10: SUBJ zi- · ADJ Ø/n- · GEN za · DEM hizi/zile · POSS z- · REL -zo</div>	A1 SD1 drill konkordanz kl10
Kl. 10 — Relativinfix?	-zo<hr><div class=konkordanz>Kl.10: SUBJ zi- · ADJ Ø/n- · GEN za · DEM hizi/zile · POSS z- · REL -zo</div>	A1 SD1 drill konkordanz kl10
Kl. 11 — Subjektpräfix?	u-<hr><div class=konkordanz>Kl.11: SUBJ u- · ADJ m-/mw- · GEN wa · DEM huu/ule · POSS w- · REL -o</div>	A1 SD1 drill konkordanz kl11
Kl. 11 — Objektpräfix?	-u-<hr><div class=konkordanz>Kl.11: SUBJ u- · ADJ m-/mw- · GEN wa · DEM huu/ule · POSS w- · REL -o</div>	A1 SD1 drill konkordanz kl11
Kl. 11 — Adjektivpräfix?	m-/mw-<hr><div class=konkordanz>Kl.11: SUBJ u- · ADJ m-/mw- · GEN wa · DEM huu/ule · POSS w- · REL -o</div>	A1 SD1 drill konkordanz kl11
Kl. 11 — Genitiv?	wa<hr><div class=konkordanz>Kl.11: SUBJ u- · ADJ m-/mw- · GEN wa · DEM huu/ule · POSS w- · REL -o</div>	A1 SD1 drill konkordanz kl11
Kl. 11 — Demonstrativ nah?	huu<hr><div class=konkordanz>Kl.11: SUBJ u- · ADJ m-/mw- · GEN wa · DEM huu/ule · POSS w- · REL -o</div>	A1 SD1 drill konkordanz kl11
Kl. 11 — Demonstrativ fern?	ule<hr><div class=konkordanz>Kl.11: SUBJ u- · ADJ m-/mw- · GEN wa · DEM huu/ule · POSS w- · REL -o</div>	A1 SD1 drill konkordanz kl11
Kl. 11 — Possessivpräfix?	w-<hr><div class=konkordanz>Kl.11: SUBJ u- · ADJ m-/mw- · GEN wa · DEM huu/ule · POSS w- · REL -o</div>	A1 SD1 drill konkordanz kl11
Kl. 11 — Relativinfix?	-o<hr><div class=konkordanz>Kl.11: SUBJ u- · ADJ m-/mw- · GEN wa · DEM huu/ule · POSS w- · REL -o</div>	A1 SD1 drill konkordanz kl11
Kl. 14 — Subjektpräfix?	u-<hr><div class=konkordanz>Kl.14: SUBJ u- · ADJ m-/mw- · GEN wa · DEM huu/ule · POSS w- · REL -o</div>	A1 SD1 drill konkordanz kl14
Kl. 14 — Objektpräfix?	-u-<hr><div class=konkordanz>Kl.14: SUBJ u- · ADJ m-/mw- · GEN wa · DEM huu/ule · POSS w- · REL -o</div>	A1 SD1 drill konkordanz kl14
Kl. 14 — Adjektivpräfix?	m-/mw-<hr><div class=konkordanz>Kl.14: SUBJ u- · ADJ m-/mw- · GEN wa · DEM huu/ule · POSS w- · REL -o</div>	A1 SD1 drill konkordanz kl14
Kl. 14 — Genitiv?	wa<hr><div class=konkordanz>Kl.14: SUBJ u- · ADJ m-/mw- · GEN wa · DEM huu/ule · POSS w- · REL -o</div>	A1 SD1 drill konkordanz kl14
Kl. 14 — Demonstrativ nah?	huu<hr><div class=konkordanz>Kl.14: SUBJ u- · ADJ m-/mw- · GEN wa · DEM huu/ule · POSS w- · REL -o</div>	A1 SD1 drill konkordanz kl14
Kl. 14 — Demonstrativ fern?	ule<hr><div class=konkordanz>Kl.14: SUBJ u- · ADJ m-/mw- · GEN wa · DEM huu/ule · POSS w- · REL -o</div>	A1 SD1 drill konkordanz kl14
Kl. 14 — Possessivpräfix?	w-<hr><div class=konkordanz>Kl.14: SUBJ u- · ADJ m-/mw- · GEN wa · DEM huu/ule · POSS w- · REL -o</div>	A1 SD1 drill konkordanz kl14
Kl. 14 — Relativinfix?	-o<hr><div class=konkordanz>Kl.14: SUBJ u- · ADJ m-/mw- · GEN wa · DEM huu/ule · POSS w- · REL -o</div>	A1 SD1 drill konkordanz kl14
Kl. 15 — Subjektpräfix?	ku-<hr><div class=konkordanz>Kl.15: SUBJ ku- · ADJ ku- · GEN kwa · DEM huku/kule · POSS kw- · REL -ko</div>	A1 SD1 drill konkordanz kl15
Kl. 15 — Objektpräfix?	-ku-<hr><div class=konkordanz>Kl.15: SUBJ ku- · ADJ ku- · GEN kwa · DEM huku/kule · POSS kw- · REL -ko</div>	A1 SD1 drill konkordanz kl15
Kl. 15 — Adjektivpräfix?	ku-<hr><div class=konkordanz>Kl.15: SUBJ ku- · ADJ ku- · GEN kwa · DEM huku/kule · POSS kw- · REL -ko</div>	A1 SD1 drill konkordanz kl15
Kl. 15 — Genitiv?	kwa<hr><div class=konkordanz>Kl.15: SUBJ ku- · ADJ ku- · GEN kwa · DEM huku/kule · POSS kw- · REL -ko</div>	A1 SD1 drill konkordanz kl15
Kl. 15 — Demonstrativ nah?	huku<hr><div class=konkordanz>Kl.15: SUBJ ku- · ADJ ku- · GEN kwa · DEM huku/kule · POSS kw- · REL -ko</div>	A1 SD1 drill konkordanz kl15
Kl. 15 — Demonstrativ fern?	kule<hr><div class=konkordanz>Kl.15: SUBJ ku- · ADJ ku- · GEN kwa · DEM huku/kule · POSS kw- · REL -ko</div>	A1 SD1 drill konkordanz kl15
Kl. 15 — Possessivpräfix?	kw-<hr><div class=konkordanz>Kl.15: SUBJ ku- · ADJ ku- · GEN kwa · DEM huku/kule · POSS kw- · REL -ko</div>	A1 SD1 drill konkordanz kl15
Kl. 15 — Relativinfix?	-ko<hr><div class=konkordanz>Kl.15: SUBJ ku- · ADJ ku- · GEN kwa · DEM huku/kule · POSS kw- · REL -ko</div>	A1 SD1 drill konkordanz kl15
Kl. 16 — Subjektpräfix?	pa-<hr><div class=konkordanz>Kl.16: SUBJ pa- · ADJ pa- · GEN pa · DEM hapa/pale · POSS p- · REL -po</div>	A1 SD1 drill konkordanz kl16
Kl. 16 — Objektpräfix?	-pa-<hr><div class=konkordanz>Kl.16: SUBJ pa- · ADJ pa- · GEN pa · DEM hapa/pale · POSS p- · REL -po</div>	A1 SD1 drill konkordanz kl16
Kl. 16 — Adjektivpräfix?	pa-<hr><div class=konkordanz>Kl.16: SUBJ pa- · ADJ pa- · GEN pa · DEM hapa/pale · POSS p- · REL -po</div>	A1 SD1 drill konkordanz kl16
Kl. 16 — Genitiv?	pa<hr><div class=konkordanz>Kl.16: SUBJ pa- · ADJ pa- · GEN pa · DEM hapa/pale · POSS p- · REL -po</div>	A1 SD1 drill konkordanz kl16
Kl. 16 — Demonstrativ nah?	hapa<hr><div class=konkordanz>Kl.16: SUBJ pa- · ADJ pa- · GEN pa · DEM hapa/pale · POSS p- · REL -po</div>	A1 SD1 drill konkordanz kl16
Kl. 16 — Demonstrativ fern?	pale<hr><div class=konkordanz>Kl.16: SUBJ pa- · ADJ pa- · GEN pa · DEM hapa/pale · POSS p- · REL -po</div>	A1 SD1 drill konkordanz kl16
Kl. 16 — Possessivpräfix?	p-<hr><div class=konkordanz>Kl.16: SUBJ pa- · ADJ pa- · GEN pa · DEM hapa/pale · POSS p- · REL -po</div>	A1 SD1 drill konkordanz kl16
Kl. 16 — Relativinfix?	-po<hr><div class=konkordanz>Kl.16: SUBJ pa- · ADJ pa- · GEN pa · DEM hapa/pale · POSS p- · REL -po</div>	A1 SD1 drill konkordanz kl16
Kl. 17 — Subjektpräfix?	ku-<hr><div class=konkordanz>Kl.17: SUBJ ku- · ADJ ku- · GEN kwa · DEM huku/kule · POSS kw- · REL -ko</div>	A1 SD1 drill konkordanz kl17
Kl. 17 — Objektpräfix?	-ku-<hr><div class=konkordanz>Kl.17: SUBJ ku- · ADJ ku- · GEN kwa · DEM huku/kule · POSS kw- · REL -ko</div>	A1 SD1 drill konkordanz kl17
Kl. 17 — Adjektivpräfix?	ku-<hr><div class=konkordanz>Kl.17: SUBJ ku- · ADJ ku- · GEN kwa · DEM huku/kule · POSS kw- · REL -ko</div>	A1 SD1 drill konkordanz kl17
Kl. 17 — Genitiv?	kwa<hr><div class=konkordanz>Kl.17: SUBJ ku- · ADJ ku- · GEN kwa · DEM huku/kule · POSS kw- · REL -ko</div>	A1 SD1 drill konkordanz kl17
Kl. 17 — Demonstrativ nah?	huku<hr><div class=konkordanz>Kl.17: SUBJ ku- · ADJ ku- · GEN kwa · DEM huku/kule · POSS kw- · REL -ko</div>	A1 SD1 drill konkordanz kl17
Kl. 17 — Demonstrativ fern?	kule<hr><div class=konkordanz>Kl.17: SUBJ ku- · ADJ ku- · GEN kwa · DEM huku/kule · POSS kw- · REL -ko</div>	A1 SD1 drill konkordanz kl17
Kl. 17 — Possessivpräfix?	kw-<hr><div class=konkordanz>Kl.17: SUBJ ku- · ADJ ku- · GEN kwa · DEM huku/kule · POSS kw- · REL -ko</div>	A1 SD1 drill konkordanz kl17
Kl. 17 — Relativinfix?	-ko<hr><div class=konkordanz>Kl.17: SUBJ ku- · ADJ ku- · GEN kwa · DEM huku/kule · POSS kw- · REL -ko</div>	A1 SD1 drill konkordanz kl17
Kl. 18 — Subjektpräfix?	mu-<hr><div class=konkordanz>Kl.18: SUBJ mu- · ADJ mu- · GEN mwa · DEM humu/mule · POSS mw- · REL -mo</div>	A1 SD1 drill konkordanz kl18
Kl. 18 — Objektpräfix?	-mu-<hr><div class=konkordanz>Kl.18: SUBJ mu- · ADJ mu- · GEN mwa · DEM humu/mule · POSS mw- · REL -mo</div>	A1 SD1 drill konkordanz kl18
Kl. 18 — Adjektivpräfix?	mu-<hr><div class=konkordanz>Kl.18: SUBJ mu- · ADJ mu- · GEN mwa · DEM humu/mule · POSS mw- · REL -mo</div>	A1 SD1 drill konkordanz kl18
Kl. 18 — Genitiv?	mwa<hr><div class=konkordanz>Kl.18: SUBJ mu- · ADJ mu- · GEN mwa · DEM humu/mule · POSS mw- · REL -mo</div>	A1 SD1 drill konkordanz kl18
Kl. 18 — Demonstrativ nah?	humu<hr><div class=konkordanz>Kl.18: SUBJ mu- · ADJ mu- · GEN mwa · DEM humu/mule · POSS mw- · REL -mo</div>	A1 SD1 drill konkordanz kl18
Kl. 18 — Demonstrativ fern?	mule<hr><div class=konkordanz>Kl.18: SUBJ mu- · ADJ mu- · GEN mwa · DEM humu/mule · POSS mw- · REL -mo</div>	A1 SD1 drill konkordanz kl18
Kl. 18 — Possessivpräfix?	mw-<hr><div class=konkordanz>Kl.18: SUBJ mu- · ADJ mu- · GEN mwa · DEM humu/mule · POSS mw- · REL -mo</div>	A1 SD1 drill konkordanz kl18
Kl. 18 — Relativinfix?	-mo<hr><div class=konkordanz>Kl.18: SUBJ mu- · ADJ mu- · GEN mwa · DEM humu/mule · POSS mw- · REL -mo</div>	A1 SD1 drill konkordanz kl18
-zuri + Kl. 1 — welche Form?	mzuri<hr><div class=konkordanz>Stamm -zuri (gut) + Kl. 1 → mzuri</div>	A1 SD1 drill adjektiv kl1
-zuri + Kl. 2 — welche Form?	wazuri<hr><div class=konkordanz>Stamm -zuri (gut) + Kl. 2 → wazuri</div>	A1 SD1 drill adjektiv kl2
-zuri + Kl. 3 — welche Form?	mzuri<hr><div class=konkordanz>Stamm -zuri (gut) + Kl. 3 → mzuri</div>	A1 SD1 drill adjektiv kl3
-zuri + Kl. 4 — welche Form?	mizuri<hr><div class=konkordanz>Stamm -zuri (gut) + Kl. 4 → mizuri</div>	A1 SD1 drill adjektiv kl4
-zuri + Kl. 5 — welche Form?	zuri<hr><div class=konkordanz>Stamm -zuri (gut) + Kl. 5 → zuri — Kl. 5 hat Nullpräfix</div>	A1 SD1 drill adjektiv kl5
-zuri + Kl. 6 — welche Form?	mazuri<hr><div class=konkordanz>Stamm -zuri (gut) + Kl. 6 → mazuri</div>	A1 SD1 drill adjektiv kl6
-zuri + Kl. 7 — welche Form?	kizuri<hr><div class=konkordanz>Stamm -zuri (gut) + Kl. 7 → kizuri</div>	A1 SD1 drill adjektiv kl7
-zuri + Kl. 8 — welche Form?	vizuri<hr><div class=konkordanz>Stamm -zuri (gut) + Kl. 8 → vizuri</div>	A1 SD1 drill adjektiv kl8
-zuri + Kl. 9 — welche Form?	nzuri<hr><div class=konkordanz>Stamm -zuri (gut) + Kl. 9 → nzuri — Nasalpräfix n- vor z-</div>	A1 SD1 drill adjektiv kl9
-zuri + Kl. 10 — welche Form?	nzuri<hr><div class=konkordanz>Stamm -zuri (gut) + Kl. 10 → nzuri</div>	A1 SD1 drill adjektiv kl10
-zuri + Kl. 11 — welche Form?	mzuri<hr><div class=konkordanz>Stamm -zuri (gut) + Kl. 11 → mzuri</div>	A1 SD1 drill adjektiv kl11
-zuri + Kl. 14 — welche Form?	mzuri<hr><div class=konkordanz>Stamm -zuri (gut) + Kl. 14 → mzuri</div>	A1 SD1 drill adjektiv kl14
-dogo + Kl. 1 — welche Form?	mdogo<hr><div class=konkordanz>Stamm -dogo (klein) + Kl. 1 → mdogo</div>	A1 SD1 drill adjektiv kl1
-dogo + Kl. 2 — welche Form?	wadogo<hr><div class=konkordanz>Stamm -dogo (klein) + Kl. 2 → wadogo</div>	A1 SD1 drill adjektiv kl2
-dogo + Kl. 3 — welche Form?	mdogo<hr><div class=konkordanz>Stamm -dogo (klein) + Kl. 3 → mdogo</div>	A1 SD1 drill adjektiv kl3
-dogo + Kl. 4 — welche Form?	midogo<hr><div class=konkordanz>Stamm -dogo (klein) + Kl. 4 → midogo</div>	A1 SD1 drill adjektiv kl4
-dogo + Kl. 5 — welche Form?	dogo<hr><div class=konkordanz>Stamm -dogo (klein) + Kl. 5 → dogo</div>	A1 SD1 drill adjektiv kl5
-dogo + Kl. 6 — welche Form?	madogo<hr><div class=konkordanz>Stamm -dogo (klein) + Kl. 6 → madogo</div>	A1 SD1 drill adjektiv kl6
-dogo + Kl. 7 — welche Form?	kidogo<hr><div class=konkordanz>Stamm -dogo (klein) + Kl. 7 → kidogo</div>	A1 SD1 drill adjektiv kl7
-dogo + Kl. 8 — welche Form?	vidogo<hr><div class=konkordanz>Stamm -dogo (klein) + Kl. 8 → vidogo</div>	A1 SD1 drill adjektiv kl8
-dogo + Kl. 9 — welche Form?	ndogo<hr><div class=konkordanz>Stamm -dogo (klein) + Kl. 9 → ndogo</div>	A1 SD1 drill adjektiv kl9
-dogo + Kl. 10 — welche Form?	ndogo<hr><div class=konkordanz>Stamm -dogo (klein) + Kl. 10 → ndogo</div>	A1 SD1 drill adjektiv kl10
-dogo + Kl. 11 — welche Form?	mdogo<hr><div class=konkordanz>Stamm -dogo (klein) + Kl. 11 → mdogo</div>	A1 SD1 drill adjektiv kl11
-dogo + Kl. 14 — welche Form?	mdogo<hr><div class=konkordanz>Stamm -dogo (klein) + Kl. 14 → mdogo</div>	A1 SD1 drill adjektiv kl14
-kubwa + Kl. 1 — welche Form?	mkubwa<hr><div class=konkordanz>Stamm -kubwa (groß) + Kl. 1 → mkubwa</div>	A1 SD1 drill adjektiv kl1
-kubwa + Kl. 2 — welche Form?	wakubwa<hr><div class=konkordanz>Stamm -kubwa (groß) + Kl. 2 → wakubwa</div>	A1 SD1 drill adjektiv kl2
-kubwa + Kl. 3 — welche Form?	mkubwa<hr><div class=konkordanz>Stamm -kubwa (groß) + Kl. 3 → mkubwa</div>	A1 SD1 drill adjektiv kl3
-kubwa + Kl. 4 — welche Form?	mikubwa<hr><div class=konkordanz>Stamm -kubwa (groß) + Kl. 4 → mikubwa</div>	A1 SD1 drill adjektiv kl4
-kubwa + Kl. 5 — welche Form?	kubwa<hr><div class=konkordanz>Stamm -kubwa (groß) + Kl. 5 → kubwa</div>	A1 SD1 drill adjektiv kl5
-kubwa + Kl. 6 — welche Form?	makubwa<hr><div class=konkordanz>Stamm -kubwa (groß) + Kl. 6 → makubwa</div>	A1 SD1 drill adjektiv kl6
-kubwa + Kl. 7 — welche Form?	kikubwa<hr><div class=konkordanz>Stamm -kubwa (groß) + Kl. 7 → kikubwa</div>	A1 SD1 drill adjektiv kl7
-kubwa + Kl. 8 — welche Form?	vikubwa<hr><div class=konkordanz>Stamm -kubwa (groß) + Kl. 8 → vikubwa</div>	A1 SD1 drill adjektiv kl8
-kubwa + Kl. 9 — welche Form?	kubwa<hr><div class=konkordanz>Stamm -kubwa (groß) + Kl. 9 → kubwa — kein Nasalpräfix vor k-</div>	A1 SD1 drill adjektiv kl9
-kubwa + Kl. 10 — welche Form?	kubwa<hr><div class=konkordanz>Stamm -kubwa (groß) + Kl. 10 → kubwa</div>	A1 SD1 drill adjektiv kl10
-kubwa + Kl. 11 — welche Form?	mkubwa<hr><div class=konkordanz>Stamm -kubwa (groß) + Kl. 11 → mkubwa</div>	A1 SD1 drill adjektiv kl11
-kubwa + Kl. 14 — welche Form?	mkubwa<hr><div class=konkordanz>Stamm -kubwa (groß) + Kl. 14 → mkubwa</div>	A1 SD1 drill adjektiv kl14
-pya + Kl. 1 — welche Form?	mpya<hr><div class=konkordanz>Stamm -pya (neu) + Kl. 1 → mpya</div>	A1 SD1 drill adjektiv kl1
-pya + Kl. 2 — welche Form?	wapya<hr><div class=konkordanz>Stamm -pya (neu) + Kl. 2 → wapya</div>	A1 SD1 drill adjektiv kl2
-pya + Kl. 3 — welche Form?	mpya<hr><div class=konkordanz>Stamm -pya (neu) + Kl. 3 → mpya</div>	A1 SD1 drill adjektiv kl3
-pya + Kl. 4 — welche Form?	mipya<hr><div class=konkordanz>Stamm -pya (neu) + Kl. 4 → mipya</div>	A1 SD1 drill adjektiv kl4
-pya + Kl. 5 — welche Form?	jipya<hr><div class=konkordanz>Stamm -pya (neu) + Kl. 5 → jipya — Kl. 5 nimmt hier ji-, sonst Nullpräfix</div>	A1 SD1 drill adjektiv kl5
-pya + Kl. 6 — welche Form?	mapya<hr><div class=konkordanz>Stamm -pya (neu) + Kl. 6 → mapya</div>	A1 SD1 drill adjektiv kl6
-pya + Kl. 7 — welche Form?	kipya<hr><div class=konkordanz>Stamm -pya (neu) + Kl. 7 → kipya</div>	A1 SD1 drill adjektiv kl7
-pya + Kl. 8 — welche Form?	vipya<hr><div class=konkordanz>Stamm -pya (neu) + Kl. 8 → vipya</div>	A1 SD1 drill adjektiv kl8
-pya + Kl. 9 — welche Form?	mpya<hr><div class=konkordanz>Stamm -pya (neu) + Kl. 9 → mpya — Nasalpräfix wird m- vor p-</div>	A1 SD1 drill adjektiv kl9
-pya + Kl. 10 — welche Form?	mpya<hr><div class=konkordanz>Stamm -pya (neu) + Kl. 10 → mpya</div>	A1 SD1 drill adjektiv kl10
-pya + Kl. 11 — welche Form?	mpya<hr><div class=konkordanz>Stamm -pya (neu) + Kl. 11 → mpya</div>	A1 SD1 drill adjektiv kl11
-pya + Kl. 14 — welche Form?	mpya<hr><div class=konkordanz>Stamm -pya (neu) + Kl. 14 → mpya</div>	A1 SD1 drill adjektiv kl14
-refu + Kl. 1 — welche Form?	mrefu<hr><div class=konkordanz>Stamm -refu (lang) + Kl. 1 → mrefu</div>	A1 SD1 drill adjektiv kl1
-refu + Kl. 2 — welche Form?	warefu<hr><div class=konkordanz>Stamm -refu (lang) + Kl. 2 → warefu</div>	A1 SD1 drill adjektiv kl2
-refu + Kl. 3 — welche Form?	mrefu<hr><div class=konkordanz>Stamm -refu (lang) + Kl. 3 → mrefu</div>	A1 SD1 drill adjektiv kl3
-refu + Kl. 4 — welche Form?	mirefu<hr><div class=konkordanz>Stamm -refu (lang) + Kl. 4 → mirefu</div>	A1 SD1 drill adjektiv kl4
-refu + Kl. 5 — welche Form?	refu<hr><div class=konkordanz>Stamm -refu (lang) + Kl. 5 → refu</div>	A1 SD1 drill adjektiv kl5
-refu + Kl. 6 — welche Form?	marefu<hr><div class=konkordanz>Stamm -refu (lang) + Kl. 6 → marefu</div>	A1 SD1 drill adjektiv kl6
-refu + Kl. 7 — welche Form?	kirefu<hr><div class=konkordanz>Stamm -refu (lang) + Kl. 7 → kirefu</div>	A1 SD1 drill adjektiv kl7
-refu + Kl. 8 — welche Form?	virefu<hr><div class=konkordanz>Stamm -refu (lang) + Kl. 8 → virefu</div>	A1 SD1 drill adjektiv kl8
-refu + Kl. 9 — welche Form?	ndefu<hr><div class=konkordanz>Stamm -refu (lang) + Kl. 9 → ndefu</div>	A1 SD1 drill adjektiv kl9
-refu + Kl. 10 — welche Form?	ndefu<hr><div class=konkordanz>Stamm -refu (lang) + Kl. 10 → ndefu</div>	A1 SD1 drill adjektiv kl10
-refu + Kl. 11 — welche Form?	mrefu<hr><div class=konkordanz>Stamm -refu (lang) + Kl. 11 → mrefu</div>	A1 SD1 drill adjektiv kl11
-refu + Kl. 14 — welche Form?	mrefu<hr><div class=konkordanz>Stamm -refu (lang) + Kl. 14 → mrefu</div>	A1 SD1 drill adjektiv kl14
Ergänze die Konkordanz: kitabu ___zuri ___ ___a mwalimu · (der gute … des Lehrers, Buch)	kitabu kizuri hiki cha mwalimu<hr><div class=konkordanz>Kl. 7: Adjektiv kizuri · Demonstrativ hiki · Genitiv cha — alle drei aus derselben Konkordanzreihe</div>	A1 SD1 drill luecke kl7
Ergänze die Konkordanz: vitabu ___zuri ___ ___a mwalimu · (die guten … des Lehrers, Buch)	vitabu vizuri hivi vya mwalimu<hr><div class=konkordanz>Kl. 8: Adjektiv vizuri · Demonstrativ hivi · Genitiv vya — alle drei aus derselben Konkordanzreihe</div>	A1 SD1 drill luecke kl8
Ergänze die Konkordanz: mti ___zuri ___ ___a mwalimu · (der gute … des Lehrers, Baum)	mti mzuri huu wa mwalimu<hr><div class=konkordanz>Kl. 3: Adjektiv mzuri · Demonstrativ huu · Genitiv wa — alle drei aus derselben Konkordanzreihe</div>	A1 SD1 drill luecke kl3
Ergänze die Konkordanz: miti ___zuri ___ ___a mwalimu · (die guten … des Lehrers, Baum)	miti mizuri hii ya mwalimu<hr><div class=konkordanz>Kl. 4: Adjektiv mizuri · Demonstrativ hii · Genitiv ya — alle drei aus derselben Konkordanzreihe</div>	A1 SD1 drill luecke kl4
Ergänze die Konkordanz: gari ___zuri ___ ___a mwalimu · (der gute … des Lehrers, Auto)	gari zuri hili la mwalimu<hr><div class=konkordanz>Kl. 5: Adjektiv zuri · Demonstrativ hili · Genitiv la — alle drei aus derselben Konkordanzreihe</div>	A1 SD1 drill luecke kl5
Ergänze die Konkordanz: magari ___zuri ___ ___a mwalimu · (die guten … des Lehrers, Auto)	magari mazuri haya ya mwalimu<hr><div class=konkordanz>Kl. 6: Adjektiv mazuri · Demonstrativ haya · Genitiv ya — alle drei aus derselben Konkordanzreihe</div>	A1 SD1 drill luecke kl6
Ergänze die Konkordanz: mtoto ___zuri ___ ___a mwalimu · (der gute … des Lehrers, Kind)	mtoto mzuri huyu wa mwalimu<hr><div class=konkordanz>Kl. 1: Adjektiv mzuri · Demonstrativ huyu · Genitiv wa — alle drei aus derselben Konkordanzreihe</div>	A1 SD1 drill luecke kl1
Ergänze die Konkordanz: watoto ___zuri ___ ___a mwalimu · (die guten … des Lehrers, Kind)	watoto wazuri hawa wa mwalimu<hr><div class=konkordanz>Kl. 2: Adjektiv wazuri · Demonstrativ hawa · Genitiv wa — alle drei aus derselben Konkordanzreihe</div>	A1 SD1 drill luecke kl2
Ergänze die Konkordanz: barua ___zuri ___ ___a mwalimu · (der gute … des Lehrers, Brief)	barua nzuri hii ya mwalimu<hr><div class=konkordanz>Kl. 9: Adjektiv nzuri · Demonstrativ hii · Genitiv ya — alle drei aus derselben Konkordanzreihe</div>	A1 SD1 drill luecke kl9
Ergänze die Konkordanz: nyumba ___zuri ___ ___a mwalimu · (der gute … des Lehrers, Haus)	nyumba nzuri hii ya mwalimu<hr><div class=konkordanz>Kl. 9: Adjektiv nzuri · Demonstrativ hii · Genitiv ya — alle drei aus derselben Konkordanzreihe</div>	A1 SD1 drill luecke kl9
