id	satz_sw	gloss_morpheme	gloss_labels	satz_en	hinweis
1	Kuanzia kesho lazima nifanye kazi.	ku-anz-i-a kesho lazima ni-fany-e kazi	KL15-anfangen-APPL-IND morgen muss 1SG-tun-KONJ KL9.Arbeit	From tomorrow I have to work.	lazima verlangt den Konjunktiv: nifanye, nicht ninafanya
2	Mara nyingi niko ofisini, lakini kwa saa chache tu.	mara ny-ingi ni-ko ofisi-ni lakini kwa saa chache tu	KL9.Mal KL10-viele 1SG-sein.da KL9.Büro-LOK aber für KL10.Stunde wenige nur	I am often at the office, but only for a few hours.	Ortsangabe durch Suffix -ni statt Präposition
3	Tunaondoka saa sita.	tu-na-ondok-a saa sita	1PL-PRÄS-abfahren-IND KL9.Stunde sechs	We leave at twelve o'clock.	Swahili zählt ab Sonnenaufgang: saa sita = 12 Uhr, nicht 6 Uhr
4	Kabla ya kuondoka nitapiga simu.	kabla y-a ku-ondok-a ni-ta-pig-a simu	vor KL15-GEN KL15-abfahren-IND 1SG-FUT-schlagen-IND KL9.Telefon	Before departure I will call.	"telefonieren = kupiga simu, wörtlich ""das Telefon schlagen"""
5	Lazima nirudishe funguo zangu.	lazima ni-rudish-e funguo z-angu	muss 1SG-zurückgeben-KONJ KL10.Schlüssel KL10-mein	I have to hand in my keys.	funguo ist Kl.10, Singular ufunguo Kl.11
6	Lini ninaweza kuchukua kabati kwako?	lini ni-na-wez-a ku-chuku-a kabati kw-ako	wann 1SG-PRÄS-können-IND KL15-nehmen-IND KL5.Schrank KL17-dein	When can I pick up the cupboard from you?	"kwako nutzt die Ortsklasse 17: ""bei dir"""
7	Bado tunatakiwa kumchukua kaka yangu.	bado tu-na-taki-w-a ku-m-chuku-a kaka y-angu	noch 1PL-PRÄS-brauchen-PASS-IND KL15-OBJ1-nehmen-IND KL9/KL1.Bruder KL9-mein	We still have to pick up my brother.	kaka: Possessiv yangu nach Kl.9, Objektpräfix -m- aber nach Kl.1
8	Kuna barua kwa ajili yako bila mtumaji.	ku-na barua kwa ajili y-ako bila m-tumaji	KL17-mit KL9.Brief für KL9.Zweck KL9-dein ohne KL1-Absender	There is a letter for you without a sender.	"kuna ""es gibt"" ist die Ortsklasse 17 plus -na"
9	Tahadhari! Hamruhusiwi kufanya hivyo.	tahadhari ham-ruhus-iw-i ku-fany-a hivyo	KL9.Achtung 2PL.NEG-erlauben-PASS-NEG KL15-tun-IND so	Attention! You must not do that.	Höfliches Sie wird 2PL; Negation ham- plus Endvokal -i
10	Mnaweza kuniambia anwani yake?	m-na-wez-a ku-ni-ambi-a anwani y-ake	2PL-PRÄS-können-IND KL15-OBJ1SG-sagen-IND KL9.Adresse KL9-sein	Can you tell me his address?	Objektpräfix -ni- steht zwischen ku- und Wurzel
11	Kila la heri!	kila l-a heri	jede KL5-GEN KL9.Segen	All the best!	Feste Formel, Genitiv la nach Kl.5
12	Ni hayo tu.	ni hayo tu	KOP KL6.DEM nur	That's all.	hayo verweist auf Ungenanntes, Kl.6
13	Wote wapo?	w-ote wa-po	KL2-alle KL2-sein.da	Is everyone here?	-po markiert Anwesenheit an einem Ort
14	Rafiki wote wanakuja.	rafiki w-ote wa-na-kuj-a	KL10/KL2.Freund KL2-alle KL2-PRÄS-kommen-IND	All the friends are coming.	rafiki ist formal Kl.10, kongruiert als Person aber Kl.2
15	Una kila kitu?	u-na kila ki-tu	2SG-haben jede KL7-Ding	Do you have everything?	"kitu ""Ding"" ist das Musterwort der Kl.7"
16	Anakuja peke yake.	a-na-kuj-a peke y-ake	3SG-PRÄS-kommen-IND KL9.Alleinsein KL9-sein	He is coming alone.	allein = peke plus Possessiv, beugt sich nach Person
17	Basi, hali ni hii: ...	basi hali ni hii	also KL9.Lage KOP KL9.DEM	Well, it's like this: ...	ni ist die unveränderliche Kopula
18	Ana wakati, basi lazima atusaidie.	a-na wakati basi lazima a-tu-saidi-e	3SG-haben KL11.Zeit also muss 3SG-OBJ1PL-helfen-KONJ	He has time, so he must help us.	haben wird mit -na ausgedrückt, nicht mit einem Verb
19	Mna miaka mingapi?	m-na mi-aka mi-ngapi	2PL-haben KL4-Jahr KL4-wieviel	How old are you?	"Alter wörtlich ""wieviele Jahre habt ihr"""
20	Lakini hamonekani wazee.	lakini ham-onekan-i wa-zee	aber 2PL.NEG-aussehen-NEG KL2-alt	But you don't look that old.	Negation im Präsens wechselt den Endvokal auf -i
21	Gari langu ni kuukuu sana.	gari l-angu ni kuukuu sana	KL5.Auto KL5-mein KOP alt sehr	My car is already very old.	kuukuu nur für Sachen; alte Menschen sind mzee
22	Tunakaa katika nyumba kuukuu sana.	tu-na-ka-a katika nyumba kuukuu sana	1PL-PRÄS-wohnen-IND in KL9.Haus alt sehr	We live in a very old house.	kuukuu bleibt unverändert, kongruiert nicht
23	Köln ni mji wa kale.	Köln ni m-ji w-a kale	Köln KOP KL3-Stadt KL3-GEN Altertum	Cologne is an old city.	Genitiv wa nach Kl.3
24	Umri: miaka ishirini na sita.	umri mi-aka ishirini na sita	KL14.Alter KL4-Jahr zwanzig und sechs	Age: 26 years.	Zahlen über zwanzig werden mit na verbunden
25	Geukeni kulia katika barabara inayofuata.	geuk-eni ku-lia katika barabara i-na-yo-fuat-a	wenden-IMP.PL KL17-rechts in KL9.Straße KL9-PRÄS-REL9-folgen-IND	Turn right at the next street.	Relativinfix -yo- kongruiert mit barabara Kl.9
26	Tunakutana stesheni.	tu-na-kut-an-a stesheni	1PL-PRÄS-treffen-REZ-IND KL9.Bahnhof	We are meeting at the station.	sich treffen ist reziprok: -an- im Verb
27	Jumatatu ijayo haiwezekani, samahani.	Jumatatu i-ja-yo hai-wezekan-i samahani	KL9.Montag KL9-kommen-REL9 KL9.NEG-möglich.sein-NEG KL9.Entschuldigung	Next Monday unfortunately does not work.	"Jumatatu heißt wörtlich ""zweiter Tag"""
28	Nikupe nini?	ni-ku-p-e nini	1SG-OBJ2SG-geben-KONJ was	What may I offer you?	Konjunktiv ohne lazima drückt ein Angebot aus
29	Leo viatu vya michezo vipo kwenye ofa.	leo vi-atu vy-a mi-chezo vi-po kwenye ofa	heute KL8-Schuh KL8-GEN KL4-Sport KL8-sein.da an KL9.Angebot	Today sports shoes are on offer.	Genitiv vya und Subjekt vi- kongruieren beide mit Kl.8
30	Unataka koti hili?	u-na-tak-a koti hili	2SG-PRÄS-wollen-IND KL5.Jacke KL5.DEM	Do you want this jacket?	Demonstrativ hili für Kl.5
31	Hapana, ninataka lile lingine.	hapana ni-na-tak-a lile li-ngine	nein 1SG-PRÄS-wollen-IND KL5.DEM.fern KL5-andere	No, I would like the other one.	lile ist das ferne Demonstrativ der Kl.5
32	Barabara ya stesheni inaanza hapa.	barabara y-a stesheni i-na-anz-a hapa	KL9.Straße KL9-GEN KL9.Bahnhof KL9-PRÄS-anfangen-IND hier	The station road begins here.	Subjektpräfix i- für Kl.9
33	Masomo yanaanza hivi punde.	ma-somo ya-na-anz-a hivi punde	KL6-Unterricht KL6-PRÄS-anfangen-IND gleich sofort	The lesson starts right away.	masomo ist Kl.6, Subjektpräfix ya-
34	Anakaa mwanzoni mwa barabara.	a-na-ka-a mwanzo-ni mw-a barabara	3SG-PRÄS-wohnen-IND KL3.Anfang-LOK KL18-GEN KL9.Straße	She lives at the beginning of the street.	nach -ni steht der Genitiv der Ortsklasse 18: mwa
35	Tutakuwa na likizo mwanzoni mwa Julai.	tu-ta-kuw-a na likizo mwanzo-ni mw-a Julai	1PL-FUT-sein-IND mit KL9.Urlaub KL3.Anfang-LOK KL18-GEN Juli	We are taking holiday at the beginning of July.	"Futur von ""haben"" ist kuwa na"
36	Hapo lazima ubofye neno hili.	hapo lazima u-bofy-e neno hili	dort muss 2SG-klicken-KONJ KL5.Wort KL5.DEM	There you have to click this word.	neno Kl.5, Plural maneno Kl.6
37	Treni hii inafika Hamburg saa ngapi?	treni hii i-na-fik-a Hamburg saa ngapi	KL9.Zug KL9.DEM KL9-PRÄS-ankommen-IND Hamburg KL9.Stunde wieviel	When does this train arrive in Hamburg?	"Uhrzeitfrage wörtlich ""welche Stunde"""
38	Mpango huu unaonyesha saa ya kuwasili ya treni tu.	m-pango huu u-na-onyesh-a saa y-a ku-wasili y-a treni tu	KL3-Plan KL3.DEM KL3-PRÄS-zeigen-IND KL9.Stunde KL9-GEN KL15-ankommen KL9-GEN KL9.Zug nur	This timetable only shows the arrival times of the trains.	kuwasili ist arabisches Lehnverb und endet nicht auf -a
39	Katika fomu lazima mtie alama mahali kadhaa.	katika fomu lazima m-ti-e alama mahali kadhaa	in KL9.Formular muss 2PL-setzen-KONJ KL9.Zeichen KL16.Ort mehrere	On the form you have to tick several places.	"ankreuzen = kutia alama, ""ein Zeichen setzen"""
40	Tafadhali washa taa!	tafadhali wash-a taa	bitte anmachen-IMP KL9.Lampe	Please turn on the light!	Imperativ Singular ist der nackte Verbstamm
41	Ninaweza kujiandikisha wapi?	ni-na-wez-a ku-ji-andikish-a wapi	1SG-PRÄS-können-IND KL15-REFL-einschreiben-IND wo	Where can I register?	Reflexiv ist das Infix -ji- an der Objektstelle
42	Usajili wa kozi hii hauwezekani tena.	u-sajili w-a kozi hii hau-wezekan-i tena	KL14-Anmeldung KL14-GEN KL9.Kurs KL9.DEM KL14.NEG-möglich.sein-NEG mehr	Registration for this course is no longer possible.	Negatives Subjektpräfix der Kl.14 lautet hau-
43	Andikeni pia salamu ya mwanzo na salamu ya mwisho.	andik-eni pia salamu y-a mwanzo na salamu y-a mwisho	schreiben-IMP.PL auch KL9.Anrede KL9-GEN KL3.Anfang und KL9.Gruß KL9-GEN KL3.Ende	Also write a salutation and a greeting.	Imperativ Plural endet auf -eni
44	Inawezekana kuwapigia simu?	i-na-wezekan-a ku-wa-pig-i-a simu	KL9-PRÄS-möglich.sein-IND KL15-OBJ2PL-schlagen-APPL-IND KL9.Telefon	Can one call you?	"Applikativ -i- macht aus ""schlagen"" ""für jemanden anrufen"""
45	Peter anampigia simu rafiki yake kwa muda mfupi.	Peter a-na-m-pig-i-a simu rafiki y-ake kwa muda m-fupi	Peter 3SG-PRÄS-OBJ1-schlagen-APPL-IND KL9.Telefon KL9/KL1.Freundin KL9-sein für KL3.Zeit KL3-kurz	Peter is calling his girlfriend briefly.	Objektpräfix -m- Kl.1, Possessiv yake aber Kl.9
46	Anapokea simu nyingi kwenye simu yake ya mkononi.	a-na-poke-a simu ny-ingi kwenye simu y-ake y-a m-kono-ni	3SG-PRÄS-empfangen-IND KL10.Anruf KL10-viele an KL9.Telefon KL9-ihr KL9-GEN KL3-Hand-LOK	She gets a lot of calls on her mobile.	simu heißt Telefon und Anruf zugleich
47	Kwa sasa hatupo. Tafadhali acheni ujumbe kwenye mashine ya kujibu simu.	kwa sasa hatu-po tafadhali ach-eni u-jumbe kwenye mashine y-a ku-jibu simu	für jetzt 1PL.NEG-sein.da bitte lassen-IMP.PL KL11-Nachricht an KL9.Maschine KL9-GEN KL15-antworten KL9.Telefon	We are not in at the moment. Please leave a message on the answering machine.	hatupo verneint die Anwesenheit; Gegenstück zu tupo
