de	en
haben	have
mein	my
sein	be
mit	with
bitte	please
gut	good
Buch	book
an	at
für	for
kommen	come
groß	big
und	and
Lehrer	teacher
klein	small
können	can
gehen	go
lesen	read
Haus	house
Auto	car
Stunde	hour
da	there
tun	do
PL	PL
muss	must
mögen	like
Brief	letter
hier	here
Brot	bread
eins	one
noch	still
wollen	want
kaufen	buy
welche	which
Kind	child
heute	today
mehr	more
Essen	food
dein	your
schreiben	write
wohnen	live
Arbeit	work
Telefon	phone
Zimmer	room
nehmen	take
sehen	see
wo	where
zwei	two
sehr	very
Ding	thing
Mal	time
Stadt	town
nennen	call
Laden	shop
Name	name
jede	every
neu	new
viele	many
Schlüssel	key
auch	also
Zeit	time
bis	until
euer	your
jetzt	now
kochen	cook
nur	only
was	what
Frau	woman
anfangen	begin
drei	three
fünf	five
in	in
reisen	travel
zehn	ten
Straße	street
Tag	day
schon	already
Baum	tree
Lied	song
bekommen	get
morgen	tomorrow
schlecht	bad
öffnen	open
Euro	euro
Herr	mister
Zug	train
bei	at
brauchen	need
unser	our
wann	when
wer	who
Deutsch	German
Gast	guest
Nummer	number
Stuhl	chair
Wand	wall
geben	give
gleich	same
ich	I
oder	or
Bus	bus
Glück	luck
Jahr	year
Kaffee	coffee
Minute	minute
essen	eat
wie	how
zu	to
Arzt	doctor
Bahnhof	station
Formular	form
Urlaub	holiday
andere	other
beenden	finish
bringen	bring
gebären	bear
gefallen	please
sprechen	speak
trinken	drink
zusammen	together
Ende	end
Fahrkarte	ticket
Familie	family
Geld	money
Kurs	course
Nachricht	news
Post	post
Zigarette	cigarette
Zweck	purpose
acht	eight
alle	all
fahren	drive
nein	no
schlagen	hit
schmerzen	hurt
sechs	six
so	so
spielen	play
treffen	meet
zwanzig	twenty
Glas	glass
Lampe	lamp
Mund	mouth
Tür	door
abfahren	depart
ankommen	arrive
erste	first
folgen	follow
heiraten	marry
helfen	help
kennen	know
richtig	correct
schlafen	sleep
teuer	expensive
zahlen	pay
Abend	evening
Bruder	brother
Ecke	corner
Ehefrau	wife
Ehemann	husband
Film	film
Flugzeug	plane
Hand	hand
Hotel	hotel
Kino	cinema
Mensch	person
Schule	school
Sohn	son
Woche	week
Zeichen	mark
Zeitung	newspaper
auf	on
danke	thanks
einfach	easy
kosten	cost
möglich	possible
nach	after
schicken	send
schließen	close
seit	since
setzen	put
wissen	know
ziehen	pull
Anfang	beginning
Bahn	railway
Bank	bank
Bett	bed
Blume	flower
Eltern	parents
Entschuldigung	apology
Fleisch	meat
Fuß	foot
Gewohnheit	habit
Hundert	hundred
Hälfte	half
Jacke	jacket
Kilo	kilo
Lage	state
Mann	man
Menge	amount
Milch	milk
Ort	place
Pause	break
Platz	place
Prüfung	exam
Reise	journey
Schwester	sister
Sommer	summer
Stock	floor
Tausend	thousand
Unterricht	lessons
Weg	way
Wein	wine
Wind	wind
Wort	word
also	so
alt	old
anmachen	switch.on
dort	there
enden	end
erlauben	allow
fertig	ready
finden	find
jung	young
krank	ill
lang	long
links	left
oben	above
ohne	without
rechts	right
regnen	rain
schauen	look
schwer	heavy
schwimmen	swim
sich	REFL
sitzen	sit
sofort	at.once
verstehen	understand
warten	wait
waschen	wash
wieviel	how.many
zurückkehren	return
zweite	second
Antwort	answer
Bad	bathroom
Beispiel	example
Bier	beer
Fahrrad	bicycle
Fluss	river
Geschwindigkeit	speed
Glückwunsch	congratulation
Großmutter	grandmother
Großvater	grandfather
Gruß	greeting
Größe	size
Hähnchen	chicken
Junge	boy
Karte	card
Küche	kitchen
Land	country
Leute	people
Maschine	machine
Meer	sea
Monat	month
Montag	Monday
Mutter	mother
Polizei	police
Pommes	chips
Preis	price
Schrank	cupboard
Schuh	shoe
Sport	sport
Sprache	language
Tasche	bag
Termin	appointment
Tochter	daughter
Toilette	toilet
Vater	father
Wasser	water
Wiedersehen	goodbye
aber	but
achtzig	eighty
antworten	answer
ausmachen	switch.off
aussehen	look
aussteigen	get.off
besser	better
bestellen	order
besuchen	visit
dann	then
draußen	outside
empfangen	receive
fragen	ask
fühlen	feel
fünfzig	fifty
ganz	quite
gestern	yesterday
halten	stop
ihr	her
mehrere	several
sagen	say
schaden	harm
schnell	fast
sterben	die
suchen	search
uns	us
unten	below
verspäten	be.late
weitergehen	continue
werden	become
willkommen	welcome
über	over
Altertum	antiquity
Angebot	offer
Anmeldung	registration
Apfel	apple
Aufgabe	task
Aufzug	lift
Auge	eye
Bahnsteig	platform
Ball	ball
Becken	pool
Bein	leg
Beruf	profession
Blei	lead
Buchstabe	letter
Büro	office
Cent	cent
Computer	computer
Dame	lady
Dank	thanks
Datum	date
Disco	disco
Drucker	printer
Ei	egg
Einladung	invitation
Eintritt	admission
Farbe	colour
Feiertag	holiday
Fenster	window
Flasche	bottle
Foto	photo
Frage	question
Freund	friend
Freundin	girlfriend
Führung	guided.tour
Garten	garden
Gepäck	luggage
Geschäft	shop
Getränk	drink
Gewicht	weight
Haar	hair
Halle	hall
Haltestelle	stop
Herd	cooker
Herz	heart
Hilfe	help
Information	information
Jeans	jeans
Jugendliche	young.person
Kilometer	kilometre
Klasse	class
Kleidung	clothing
Koffer	suitcase
Kollege	colleague
Kuchen	cake
Kugelschreiber	pen
Kälte	cold
Kühlschrank	fridge
Lehrerin	teacher
Luft	air
Lösung	solution
Medikament	medicine
Morgen	morning
Mädchen	girl
Nacht	night
Papier	paper
Pass	passport
Plan	plan
Problem	problem
Saft	juice
Salat	salad
Samstag	Saturday
Schalter	counter
Schüler	pupil
See	lake
Segen	blessing
Sonne	sun
Speisekarte	menu
Spiel	game
Spielkarte	playing.card
Stift	pen
Stimme	voice
Tee	tea
Tisch	table
Tomate	tomato
Unterschrift	signature
Verwandte	relative
Vorsicht	caution
abfliegen	fly.off
als	than
anziehen	put.on
aufstehen	stand.up
ausziehen	take.off
baden	bathe
billig	cheap
bleiben	stay
dreißig	thirty
du	you
duschen	shower
einladen	invite
einschreiben	register
fremd	foreign
füllen	fill
glauben	believe
günstig	good.value
hinausgehen	go.out
hinten	behind
ja	yes
kaputt	broken
komm	come
kurz	short
lachen	laugh
lernen	learn
leuchten	shine
lieb	dear
mieten	rent
pro	per
reparieren	repair
ruhig	quiet
stehen	stand
stellen	place
tanzen	dance
verdienen	earn
viel	much
vielleicht	perhaps
vier	four
vor	before
wandern	hike
wenige	few
wichtig	important
zuhören	listen
zwischen	between
Absender	sender
Achtung	attention
Adresse	address
Alleinsein	being.alone
Alter	age
Anrede	salutation
Anruf	call
Ansage	announcement
Anschluss	connection
Anzeige	advertisement
Apartment	flat
Arbeiter	worker
Arm	arm
Ausbildung	training
Ausflug	outing
Auskunft	information
Ausländerin	foreigner
Aussage	statement
Aussicht	view
Ausweis	identity.card
Balkon	balcony
Banane	banana
Bauch	stomach
Beamtin	official
Bedeutung	meaning
Bekannte	acquaintance
Bekannter	acquaintance
Beschäftigung	occupation
Besitzer	owner
Bezirk	district
Bild	picture
Birne	pear
Bitte	request
Blatt	leaf
Breite	width
Briefmarke	stamp
Butter	butter
Café	cafe
Chefin	manager
Deutsche	German
Dienstag	Tuesday
Dorf	village
Durchsage	announcement
Durst	thirst
Ehe	marriage
Eile	hurry
Empfänger	recipient
Englisch	English
Ergebnis	result
Erinnerung	memory
Fahrer	driver
Fax	fax
Fehler	mistake
Fernsehen	television
Feuer	fire
Fieber	fever
Firma	company
Fisch	fish
Französisch	French
Freitag	Friday
Fremde	foreign.parts
Freude	joy
Gegenteil	opposite
Gemüse	vegetables
Geschenk	present
Geschmack	taste
Geschwister	siblings
Gespräch	conversation
Grad	degree
Gruppe	group
Hausfrau	housewife
Hitze	heat
Hobby	hobby
Hochzeit	wedding
Hund	dog
Hunger	hunger
Höhe	height
Internet	internet
Japaner	Japanese
Kartoffel	potato
Kasse	till
Kellner	waiter
Kiosk	kiosk
Kirche	church
Klassenzimmer	classroom
Kollegin	colleague
Konto	account
Kopf	head
Kunde	customer
Käse	cheese
Leben	life
Leichtigkeit	ease
Leitung	line
Licht	light
Lkw	lorry
Lokal	pub
Lust	desire
Miete	rent
Mitgefühl	sympathy
Mittag	midday
Mitte	middle
Möbel	furniture
Müdigkeit	tiredness
Norden	north
Obst	fruit
Oktober	October
Ordnung	order
Osten	east
Park	park
Partnerin	partner
Party	party
Praxis	surgery
Prospekt	brochure
Raum	room
Rechnung	bill
Regen	rain
Reis	rice
Reiseführer	guidebook
Reparatur	repair
Restaurant	restaurant
Rezeption	reception
Rohr	pipe
Russisch	Russian
Sache	matter
Salz	salt
Satz	sentence
Schwein	pig
Sehenswürdigkeit	sight
September	September
Sofa	sofa
Sonntag	Sunday
Spanier	Spaniard
Spaßmacherin	joker
Stelle	position
Straßenbahn	tram
Studentin	student
Studium	studies
Stück	piece
Tasse	cup
Tat	deed
Taxi	taxi
Teil	part
Test	test
Text	text
Thema	topic
Treppe	stairs
Unterkunft	accommodation
Ursache	cause
Ursprung	origin
Verein	club
Verkäuferin	sales.assistant
Welt	world
Wiederhören	goodbye
Wunder	wonder
Wörterbuch	dictionary
Zoll	customs
Zweifel	doubt
angehen	come.on
annehmen	accept
bald	soon
bar	cash
bekannt	known
benutzen	use
berieseln	sprinkle
bitten	ask
bitter	bitter
blau	blue
breit	wide
danken	thank
dorthin	over.there
drucken	print
drücken	press
durch	through
ehren	honour
einsteigen	get.in
empfehlen	recommend
erhältlich	available
erklären	explain
erwachsen	grown.up
erzählen	tell
etwa	about
fehlen	be.missing
feiern	celebrate
frei	free
freuen	be.glad
früher	formerly
gegen	against
gewinnen	win
gratulieren	congratulate
grillen	barbecue
hineingehen	go.in
holen	fetch
hören	hear
international	international
klicken	click
kulturell	cultural
langsam	slow
lassen	leave
lebendig	alive
legen	lay
leicht	light
lieben	love
liegen	lie
meinen	think
nahe	near
neben	next.to
neun	nine
neunzig	ninety
nie	never
riechen	smell
rufen	call
scharf	sharp
schwarz	black
schön	beautiful
sechzig	sixty
sie	she
sieben	seven
siebzig	seventy
sollen	shall
sorgen	care
später	later
studieren	study
taugen	be.valid
teilnehmen	take.part
um	around
umziehen	move.house
verboten	forbidden
vergehen	pass
verkaufen	sell
verlassen	rely
vermieten	let
verschieden	different
vierzig	forty
vorstellen	introduce
weiblich	female
weit	far
weiß	white
wenden	turn
wenn	if
wieder	again
wiederholen	repeat
wirklich	really
zeigen	show
zerbrechen	break
zornig	angry
zuerst	first
zufrieden	satisfied
zurückgeben	give.back
Öl	oil
überqueren	cross
CD	CD
Meter	metre
Juli	July
März	March
B	B
Brasilien	Brazil
China	China
Frankreich	France
Italien	Italy
Japan	Japan
Polen	Poland
Schweiz	Switzerland
Spanien	Spain
Österreich	Austria
Köln	Cologne
München	Munich
Rhein	Rhine
Main	Main
Berlin	Berlin
Hamburg	Hamburg
Frankfurt	Frankfurt
Stuttgart	Stuttgart
Heidelberg	Heidelberg
Wiesbaden	Wiesbaden
Mainz	Mainz
Mannheim	Mannheim
Offenbach	Offenbach
Eltville	Eltville
Rüdesheim	Rüdesheim
Saarbrücken	Saarbrücken
Starnberg	Starnberg
Chiemsee	Chiemsee
Zagreb	Zagreb
Everest	Everest
Mount	Mount
Siemens	Siemens
Messeplatz	Messeplatz
Schillerstraße	Schillerstraße
Ali	Ali
Bast	Bast
Becker	Becker
Berghäuser	Berghäuser
Charlotte	Charlotte
Claudia	Claudia
Conchi	Conchi
Eva	Eva
Felix	Felix
García	García
Georgi	Georgi
González	González
Hans	Hans
Helmut	Helmut
Huber	Huber
Inge	Inge
Jenny	Jenny
Judith	Judith
Katharina	Katharina
Klaus	Klaus
Klein	Klein
Kunz	Kunz
Kurz	Kurz
Laura	Laura
Linke	Linke
Meier	Meier
Mertens	Mertens
Michaela	Michaela
Márquez	Márquez
Müller	Müller
Pamela	Pamela
Paul	Paul
Peter	Peter
Petra	Petra
Picasso	Picasso
Rausch	Rausch
Ricardo	Ricardo
Schmidt	Schmidt
Schmitt	Schmitt
Silvana	Silvana
Susanne	Susanne
Thomas	Thomas
Tim	Tim
Veronika	Veronika
Watanabe	Watanabe
Yin	Yin
sein.da	be.there
möglich.sein	be.possible
noch.sein	still.be
sich.verspäten	be.late
kaputt.gehen	break
fertig.werden	be.ready
erhältlich.sein	be.available
bekannt.sein	be.known
zornig.sein	be.angry
sich.freuen	be.glad
zufrieden.sein	be.satisfied
bei.uns	at.our.place
auf.Wiedersehen	goodbye
auf.Wiederhören	goodbye
mit.ihr	with.you
in.Ordnung	all.right
NEG.KOP	NEG.COP
IMP.PL	IMP.PL
PERF.NEG	PRF.NEG
PRÄT.NEG	PST.NEG
