de_nomen	en_nomen	sw_singular	sw_plural	klasse_sg	klasse_pl	kongruenz	notiz	notiz_en
das Alter	age	umri		14				
das Angebot, -e	offer	ofa	ofa	9	10		Lehnwort	loanword
das Apartment, -s	flat	fleti	fleti	9	10		Lehnwort	loanword
das Auge, -n	eye	jicho	macho	5	6		Nullpraefix im Singular	zero prefix in the singular
das Ausland	abroad	ugenini		17			Ortsform, kein Plural	locative form, no plural
das Auto, -s	car	gari	magari	5	6			
das Baby, -s	baby	mtoto mchanga	watoto wachanga	1	2		Adjektiv kongruiert mit dem Kopfnomen	adjective agrees with the head noun
das Bad	bathroom	bafu	bafu	9	10		Lehnwort	loanword
das Bein, -e	leg	mguu	miguu	3	4			
das Beispiel, -e	example	mfano	mifano	3	4			
das Bett, -en	bed	kitanda	vitanda	7	8			
das Bier	beer	bia	bia	9	10		Lehnwort	loanword
das Bild, -er	picture	picha	picha	9	10		Lehnwort	loanword
das Brot, -e	bread	mkate	mikate	3	4			
das Brötchen, –	bread roll	mkate mdogo	mikate midogo	3	4		Adjektiv kongruiert mit dem Kopfnomen	adjective agrees with the head noun
das Buch, -ü, er	book	kitabu	vitabu	7	8			
das Café, -s	cafe	mkahawa	mikahawa	3	4			
das Datum	date	tarehe	tarehe	9	10			
das Doppelzimmer	double room	chumba cha watu wawili	vyumba vya watu wawili	7	8		Genitiv kongruiert mit dem Kopfnomen	genitive agrees with the head noun
das Dorf, -ö, er	village	kijiji	vijiji	7	8			
das Ei, -er	egg	yai	mayai	5	6			
das Einzelzimmer	single room	chumba cha mtu mmoja	vyumba vya mtu mmoja	7	8		Genitiv kongruiert mit dem Kopfnomen	genitive agrees with the head noun
das Ende	end	mwisho	miisho	3	4			
das Ergebnis, -se	result	tokeo	matokeo	5	6		meist im Plural	usually in the plural
das Essen	food	chakula	vyakula	7	8			
das Fahrrad, -ä, er	bicycle	baiskeli	baiskeli	9	10		Lehnwort	loanword
das Fax, -e	fax	faksi	faksi	9	10		Lehnwort	loanword
das Feuer	fire	moto	mioto	3	4			
das Fieber	fever	homa	homa	9	10			
das Fleisch	meat	nyama	nyama	9	10			
das Flugzeug	plane	ndege	ndege	9	10		"auch ""Vogel"""	"also ""bird"""
das Formular, -e	form	fomu	fomu	9	10		Lehnwort	loanword
das Foto, -s	photo	picha	picha	9	10		Lehnwort	loanword
das Frühstück	breakfast	kifungua kinywa	vifungua kinywa	7	8		"woertlich ""Mundoeffner"""	"literally ""mouth-opener"""
das Geburtsjahr	year of birth	mwaka wa kuzaliwa	miaka ya kuzaliwa	3	4		Genitiv kongruiert mit dem Kopfnomen	genitive agrees with the head noun
das Geld	money	pesa	pesa	9	10			
das Gemüse	vegetables	mboga	mboga	9	10			
das Gepäck	luggage	mzigo	mizigo	3	4		"meist Plural ""mizigo"""	"usually plural ""mizigo"""
das Geschenk, -e	present	zawadi	zawadi	9	10			
das Geschäft, -e	shop	duka	maduka	5	6			
das Gespräch, -e	conversation	mazungumzo		6			nur Plural	plural only
das Getränk, -e	drink	kinywaji	vinywaji	7	8			
das Gewicht	weight	uzito		14			Abstraktum	abstract noun
das Glas, -ä, er	glass	glasi	glasi	9	10		Lehnwort	loanword
das Gleis, -e	platform	jukwaa	majukwaa	5	6		Bahnsteig	platform
das Glück	luck	bahati	bahati	9	10			
das Haar, -e	hair	unywele	nywele	11	10		"meist Plural ""nywele"""	"usually plural ""nywele"""
das Handy, -s	mobile phone	simu ya mkononi	simu za mkononi	9	10		Genitiv kongruiert mit dem Kopfnomen	genitive agrees with the head noun
das Haus, -ä, er	house	nyumba	nyumba	9	10			
das Hobby, -s	hobby	burudani	burudani	9	10			
das Hotel, -s	hotel	hoteli	hoteli	9	10		Lehnwort	loanword
das Hähnchen, -	chicken	kuku	kuku	9	10			
das Internet	internet	mtandao	mitandao	3	4			
das Kind, -er	child	mtoto	watoto	1	2			
das Kino, -s	cinema	sinema	sinema	9	10		Lehnwort	loanword
das Konto	account	akaunti	akaunti	9	10		Lehnwort	loanword
das Land, -ä, er	country	nchi	nchi	9	10			
das Leben	life	maisha		6			nur Plural	plural only
das Licht	light	mwanga	mianga	3	4		"Lampe = ""taa"" Kl. 9/10"	"lamp = ""taa"" class 9/10"
das Lied, -er	song	wimbo	nyimbo	11	10			
das Lokal	pub	baa	baa	9	10		Lehnwort	loanword
das Meer	sea	bahari	bahari	9	10			
das Mädchen, –	girl	msichana	wasichana	1	2			
das Obst	fruit	tunda	matunda	5	6		meist Plural	usually plural
das Papier	paper	karatasi	karatasi	9	10			
das Praktikum	work placement	mafunzo kwa vitendo		6			nur Plural	plural only
das Problem, -e	problem	tatizo	matatizo	5	6			
das Reisebüro, -s	travel agency	ofisi ya safari	ofisi za safari	9	10		Genitiv kongruiert mit dem Kopfnomen	genitive agrees with the head noun
das Restaurant, -s	restaurant	mkahawa	mikahawa	3	4			
das Salz	salt	chumvi	chumvi	9	10			
das Schild, -er	sign	alama	alama	9	10			
das Schwimmbad	swimming pool	bwawa la kuogelea	mabwawa ya kuogelea	5	6		Genitiv kongruiert mit dem Kopfnomen	genitive agrees with the head noun
das Sofa	sofa	sofa	sofa	9	10		Lehnwort	loanword
das Studium	studies	masomo		6			nur Plural	plural only
das Taxi, -s	taxi	teksi	teksi	9	10		Lehnwort	loanword
das Telefon	phone	simu	simu	9	10			
das Thema	topic	mada	mada	9	10			
das Ticket, -s	ticket	tiketi	tiketi	9	10		Lehnwort	loanword
das Wasser	water	maji		6			nur Plural	plural only
das Wetter	weather	hali ya hewa		9			Genitivfuegung, kein Plural	genitive construction, no plural
das Wiederhören	goodbye	kwaheri					unveraenderliche Grussformel	invariable greeting formula
das Wiedersehen	goodbye	kwaheri					unveraenderliche Grussformel	invariable greeting formula
das Wort, -ö, er/-e	word	neno	maneno	5	6			
das Zimmer, –	room	chumba	vyumba	7	8			
das Öl	oil	mafuta		6			nur Plural	plural only
der Abflug	departure (flight)	kuondoka		15			Verbalnomen	verbal noun
der Absender	sender	mtumaji	watumaji	1	2			
der Anfang	beginning	mwanzo	mianzo	3	4			
der Anruf, -e	call	simu	simu	9	10			
der Anrufbeantworter	answering machine	mashine ya kujibu simu	mashine za kujibu simu	9	10		Genitiv kongruiert mit dem Kopfnomen	genitive agrees with the head noun
der Anschluss	connection	muunganisho	miunganisho	3	4			
der Apfel, -Ä	apple	tofaa	matofaa	5	6			
der Appetit	appetite	hamu ya kula		9			Genitivfuegung	genitive construction
der Arbeitsplatz, -ä, e	workplace	mahali pa kazi		16			Ortsklasse	locative class
der Arm, -e	arm	mkono	mikono	3	4			
der Arzt, -Ä, e	doctor	daktari	madaktari	5	6	1/2	Person: Form Kl. 5/6, Kongruenz Kl. 1/2	person: form class 5/6, agreement class 1/2
der Aufzug, -ü, e	lift	lifti	lifti	9	10		Lehnwort	loanword
der Ausflug	outing	safari	safari	9	10			
der Ausgang	exit	njia ya kutoka	njia za kutoka	9	10		Genitiv kongruiert mit dem Kopfnomen	genitive agrees with the head noun
der Ausländer, -	foreigner	mgeni	wageni	1	2		"auch ""Gast"""	"also ""guest"""
der Ausweis	identity.card	kitambulisho	vitambulisho	7	8			
der Automat	vending machine	mashine	mashine	9	10			
der Bahnhof	station	stesheni	stesheni	9	10		Lehnwort	loanword
der Bahnsteig	platform	jukwaa	majukwaa	5	6			
der Balkon	balcony	roshani	roshani	9	10			
der Bauch	stomach	tumbo	matumbo	5	6			
der Baum, -ä, e	tree	mti	miti	3	4		Musterwort fuer Kl. 3/4	model word for class 3/4
der Beamte, -n	official	mtumishi wa umma	watumishi wa umma	1	2			
der Beruf, -e	profession	kazi	kazi	9	10			
der Bleistift, -e	pencil	kalamu ya risasi	kalamu za risasi	9	10		Genitiv kongruiert mit dem Kopfnomen	genitive agrees with the head noun
der Blick	view	mandhari	mandhari	9	10		Aussicht	view
der Bogen	sheet (of paper)	karatasi	karatasi	9	10		Formularbogen	form sheet
der Brief, -e	letter	barua	barua	9	10		Numerus nur an der Konkordanz	number shows only in the agreement
der Bruder, -ü	brother	kaka	kaka	9	10	1/2	Person: Form Kl. 9/10, Kongruenz Kl. 1/2	person: form class 9/10, agreement class 1/2
der Buchstabe, -n	letter	herufi	herufi	9	10			
der Bus, -se	bus	basi	mabasi	5	6			
der Chef	boss	bosi	mabosi	5	6	1/2	Person: Form Kl. 5/6, Kongruenz Kl. 1/2	person: form class 5/6, agreement class 1/2
der Computer, –	computer	kompyuta	kompyuta	9	10		Lehnwort	loanword
der Dank	thanks	shukrani	shukrani	9	10			
der Doktor	doctor	daktari	madaktari	5	6	1/2	Person: Form Kl. 5/6, Kongruenz Kl. 1/2	person: form class 5/6, agreement class 1/2
der Drucker, –	printer	printa	printa	9	10		Lehnwort	loanword
der Durst	thirst	kiu		9			kein Plural	no plural
der Eingang	entrance	njia ya kuingia	njia za kuingia	9	10		Genitiv kongruiert mit dem Kopfnomen	genitive agrees with the head noun
der Eintritt	admission	kiingilio	viingilio	7	8			
der Empfänger, –	recipient	mpokeaji	wapokeaji	1	2			
der Erwachsene, -n	adult	mtu mzima	watu wazima	1	2		Adjektiv kongruiert mit dem Kopfnomen	adjective agrees with the head noun
der Fahrer	driver	dereva	madereva	5	6	1/2	Person: Form Kl. 5/6, Kongruenz Kl. 1/2	person: form class 5/6, agreement class 1/2
der Familienname	surname	jina la familia	majina ya familia	5	6		Genitiv kongruiert mit dem Kopfnomen	genitive agrees with the head noun
der Familienstand	marital status	hali ya ndoa		9			Genitivfuegung	genitive construction
der Fehler, –	mistake	kosa	makosa	5	6			
der Film, -e	film	filamu	filamu	9	10		Lehnwort	loanword
der Fisch, -e	fish	samaki	samaki	9	10			
der Flughafen	airport	uwanja wa ndege	viwanja vya ndege	11	8		Plural wechselt nach Kl. 8	plural shifts to class 8
der Freund, -e	friend	rafiki	rafiki	9	10	1/2	"Musterfall: ""rafiki yangu"" Kl. 9, aber ""rafiki anakuja"" Kl. 1"	"model case: ""rafiki yangu"" class 9, but ""rafiki anakuja"" class 1"
der Fuß, -ü, e	foot	mguu	miguu	3	4			
der Fußball	football	mpira wa miguu	mipira ya miguu	3	4		Genitiv kongruiert mit dem Kopfnomen	genitive agrees with the head noun
der Garten	garden	bustani	bustani	9	10			
der Gast, -ä, e	guest	mgeni	wageni	1	2			
der Geburtsort	place of birth	mahali pa kuzaliwa		16			Ortsklasse	locative class
der Geburtstag	birthday	siku ya kuzaliwa	siku za kuzaliwa	9	10		Genitiv kongruiert mit dem Kopfnomen	genitive agrees with the head noun
der Glückwunsch	congratulation	hongera	hongera	9	10			
der Großvater	grandfather	babu	babu	9	10	1/2	Person: Form Kl. 9/10, Kongruenz Kl. 1/2	person: form class 9/10, agreement class 1/2
der Gruß, -ü, e	greeting	salamu	salamu	9	10			
der Herd	cooker	jiko	majiko	5	6			
der Herr, -en	mister	bwana	mabwana	5	6	1/2	Person: Form Kl. 5/6, Kongruenz Kl. 1/2	person: form class 5/6, agreement class 1/2
der Hund, -e	dog	mbwa	mbwa	9	10			
der Hunger	hunger	njaa		9			kein Plural	no plural
der Job, -s	job	kazi	kazi	9	10			
der Jugendliche, -n	young.person	kijana	vijana	7	8	1/2	Person: Form Kl. 7/8, Kongruenz Kl. 1/2	person: form class 7/8, agreement class 1/2
der Junge, -n	boy	mvulana	wavulana	1	2			
der Kaffee	coffee	kahawa	kahawa	9	10			
der Kindergarten	nursery school	shule ya awali	shule za awali	9	10		Genitiv kongruiert mit dem Kopfnomen	genitive agrees with the head noun
der Kiosk	kiosk	kibanda	vibanda	7	8			
der Koffer, –	suitcase	sanduku	masanduku	5	6			
der Kollege, -n	colleague	mwenzi	wenzi	1	2			
der Kopf	head	kichwa	vichwa	7	8			
der Kuchen	cake	keki	keki	9	10		Lehnwort	loanword
der Kugelschreiber	pen	kalamu	kalamu	9	10			
der Kunde, -n	customer	mteja	wateja	1	2			
der Kurs, -e	course	kozi	kozi	9	10		Lehnwort	loanword
der Kühlschrank	fridge	friji	friji	9	10		Lehnwort	loanword
der Laden, -ä	shop	duka	maduka	5	6			
der Lehrer, –	teacher	mwalimu	walimu	1	2		Musterwort fuer Kl. 1/2	model word for class 1/2
der Lkw, -s	lorry	lori	malori	5	6			
der Mann, -ä, er	man	mwanamume	wanaume	1	2			
der Mensch, -en	person	mtu	watu	1	2		Musterwort fuer Kl. 1/2	model word for class 1/2
der Moment	moment	muda	nyakati	3	10		Plural unregelmaessig	irregular plural
der Mund	mouth	mdomo	midomo	3	4			
der Name, -n	name	jina	majina	5	6			
der Opa, -s	grandpa	babu	babu	9	10	1/2	Person: Form Kl. 9/10, Kongruenz Kl. 1/2	person: form class 9/10, agreement class 1/2
der Ort, -e	place	mahali		16			Ortsklasse	locative class
der Partner, -/die Partnerin, -nen	partner	mwenzi	wenzi	1	2			
der Pass, -ä, e	passport	pasipoti	pasipoti	9	10		Lehnwort	loanword
der Plan, -ä, e	plan	mpango	mipango	3	4			
der Platz, -ä, e	place	nafasi	nafasi	9	10		"Sitzplatz; Ort = ""mahali"" Kl. 16"	"seat; place = ""mahali"" class 16"
der Preis, -e	price	bei	bei	9	10			
der Prospekt, -e	brochure	kijitabu	vijitabu	7	8		"Diminutiv von ""kitabu"""	"diminutive of ""kitabu"""
der Raum, -ä, e	room	chumba	vyumba	7	8			
der Regen	rain	mvua	mvua	9	10			
der Reis	rice	mchele	michele	3	4		"gekocht = ""wali"" Kl. 11"	"cooked = ""wali"" class 11"
der Reiseführer	guidebook	kitabu cha mwongozo	vitabu vya mwongozo	7	8		Genitiv kongruiert mit dem Kopfnomen	genitive agrees with the head noun
der Saft	juice	juisi	juisi	9	10		Lehnwort	loanword
der Salat	salad	saladi	saladi	9	10		Lehnwort	loanword
der Schalter	counter	kaunta	kaunta	9	10		Lehnwort	loanword
der Schinken, –	ham	nyama ya nguruwe		9			Genitivfuegung	genitive construction
der Schluss	end	mwisho	miisho	3	4			
der Schlüssel, –	key	ufunguo	funguo	11	10			
der Schrank, -ä, e	cupboard	kabati	makabati	5	6			
der Schuh, -e	shoe	kiatu	viatu	7	8			
der Schüler, –	pupil	mwanafunzi	wanafunzi	1	2			
der See	lake	ziwa	maziwa	5	6			
der Sohn, -ö, e	son	mwana	wana	1	2			
der Sport	sport	mchezo	michezo	3	4			
der Stock	floor	ghorofa	ghorofa	9	10		Etage	storey
der Student, -en	student	mwanafunzi	wanafunzi	1	2			
der Tee	tea	chai	chai	9	10			
der Teil, -e	part	sehemu	sehemu	9	10			
der Termin, -e	appointment	miadi	miadi	9	10			
der Test	test	mtihani	mitihani	3	4			
der Text, -e	text	maandishi		6			nur Plural	plural only
der Tisch, -e	table	meza	meza	9	10			
der Unterricht	lessons	masomo		6			nur Plural	plural only
der Urlaub	holiday	likizo	likizo	9	10			
der Vater, -ä	father	baba	baba	9	10	1/2	Person: Form Kl. 9/10, Kongruenz Kl. 1/2	person: form class 9/10, agreement class 1/2
der Verein	club	chama	vyama	7	8			
der Verkäufer, –	sales assistant	muuzaji	wauzaji	1	2			
der Vermieter	landlord	mwenye nyumba	wenye nyumba	1	2			
der Verwandte, -n	relative	ndugu	ndugu	9	10	1/2	Person: Form Kl. 9/10, Kongruenz Kl. 1/2	person: form class 9/10, agreement class 1/2
der Vorname, -n	first name	jina la kwanza	majina ya kwanza	5	6		Genitiv kongruiert mit dem Kopfnomen	genitive agrees with the head noun
der Wein	wine	mvinyo	mivinyo	3	4			
der Wind	wind	upepo	pepo	11	10			
der Zoll	customs	forodha	forodha	9	10			
der Zug, -ü, e	train	treni	treni	9	10		Lehnwort	loanword
der/die Bekannte, -n	acquaintance	mtu nimemfahamu	watu nimewafahamu	1	2		Swahili hat kein Einzelwort dafuer	Swahili has no single word for this
die Abfahrt	departure	kuondoka		15			Verbalnomen	verbal noun
die Adresse,-en	address	anwani	anwani	9	10			
die Ankunft	arrival	kuwasili		15			Verbalnomen	verbal noun
die Anmeldung	registration	usajili		14			Abstraktum	abstract noun
die Anrede	salutation	salamu ya mwanzo	salamu za mwanzo	9	10		Genitiv kongruiert mit dem Kopfnomen	genitive agrees with the head noun
die Ansage, -n	announcement	tangazo	matangazo	5	6			
die Antwort, -en	answer	jibu	majibu	5	6			
die Anzeige, -n	advertisement	tangazo	matangazo	5	6			
die Arbeit, -en	work	kazi	kazi	9	10			
die Aufgabe, -n	task	kazi	kazi	9	10			
die Auskunft, -ü, e	information	taarifa	taarifa	9	10			
die Aussage, -n	statement	kauli	kauli	9	10			
die Autobahn, -en	motorway	barabara kuu	barabara kuu	9	10		Adjektiv unveraenderlich	adjective invariable
die Bahn	railway	treni	treni	9	10		Lehnwort	loanword
die Banane, -n	banana	ndizi	ndizi	9	10			
die Bank	bank	benki	benki	9	10		"Geldinstitut; Sitzbank = ""benchi"""	"financial institution; bench = ""benchi"""
die Birne, -n	pear	pea	mapea	5	6			
die Bitte, -n	request	ombi	maombi	5	6			
die Blume, -n	flower	ua	maua	5	6		Nullpraefix im Singular	zero prefix in the singular
die Briefmarke, -n	stamp	stempu	stempu	9	10		Lehnwort	loanword
die Butter	butter	siagi		9			kein Plural	no plural
die Bäckerei	bakery	mkate wa kuoka		3			"meist ""duka la mikate"" Kl. 5"	"usually ""duka la mikate"" class 5"
die CD, -s	CD	CD	CD	9	10		Lehnwort	loanword
die Dame, -n	lady	bibi	mabibi	5	6	1/2	Person: Form Kl. 5/6, Kongruenz Kl. 1/2	person: form class 5/6, agreement class 1/2
die Disco	disco	disko	disko	9	10		Lehnwort	loanword
die Durchsage, -n	announcement	tangazo	matangazo	5	6			
die Dusche	shower	bomba la kunyeshea	mabomba ya kunyeshea	5	6		Genitiv kongruiert mit dem Kopfnomen	genitive agrees with the head noun
die E-Mail, -s	email	barua pepe	barua pepe	9	10			
die Ecke, -n	corner	kona	kona	9	10		Lehnwort	loanword
die Ehefrau, -en/der Ehemann, ä, er	wife	mke	wake	1	2		"Ehemann = ""mume"" Kl. 1/2"	"husband = ""mume"" class 1/2"
die Einladung	invitation	mwaliko	mialiko	3	4			
die Eltern (pl.)	parents	mzazi	wazazi	1	2		deutsch nur Plural	German has plural only
die Entschuldigung	apology	radhi	radhi	9	10			
die Fahrkarte, -n	ticket	tiketi	tiketi	9	10		Lehnwort	loanword
die Familie, -n	family	familia	familia	9	10		Lehnwort	loanword
die Farbe, -n	colour	rangi	rangi	9	10			
die Firma	company	kampuni	kampuni	9	10		Lehnwort	loanword
die Flasche, -n	bottle	chupa	chupa	9	10			
die Frage, -n	question	swali	maswali	5	6			
die Frau, -en	woman	mwanamke	wanawake	1	2			
die Freizeit	free time	muda wa mapumziko		3			Genitivfuegung	genitive construction
die Führung	guided.tour	uongozi		14			Abstraktum	abstract noun
die Geschwister (pl.)	siblings	ndugu	ndugu	9	10	1/2	Person: Kongruenz Kl. 1/2	person: agreement class 1/2
die Großeltern (pl.)	grandparents	babu na bibi		2			feste Fuegung, Kongruenz Kl. 2	fixed expression, agreement class 2
die Großmutter	grandmother	bibi	bibi	9	10	1/2	Person: Form Kl. 9/10, Kongruenz Kl. 1/2	person: form class 9/10, agreement class 1/2
die Gruppe, -n	group	kikundi	vikundi	7	8			
die Größe	size	ukubwa		14			Abstraktum	abstract noun
die Halbpension	half board	malazi na chakula kimoja		6			feste Fuegung	fixed expression
die Halle	hall	ukumbi	kumbi	11	10			
die Haltestelle	stop	kituo	vituo	7	8			
die Hand, -ä, e	hand	mkono	mikono	3	4		"auch ""Arm"""	"also ""arm"""
die Hausaufgabe,-n	homework	kazi ya nyumbani	kazi za nyumbani	9	10		Genitiv kongruiert mit dem Kopfnomen	genitive agrees with the head noun
die Hausfrau, -en/der Hausmann	housewife	mama wa nyumbani	mama wa nyumbani	9	10	1/2	Person: Kongruenz Kl. 1/2	person: agreement class 1/2
die Heimat	home country	nchi ya asili		9			Genitivfuegung	genitive construction
die Hilfe	help	msaada	misaada	3	4			
die Hochzeit	wedding	harusi	harusi	9	10			
die Information, -en	information	taarifa	taarifa	9	10			
die Jacke, -n	jacket	koti	makoti	5	6			
die Karte, -n	card	kadi	kadi	9	10		"Speisekarte = ""menyu"" Kl. 9"	"menu = ""menyu"" class 9"
die Kartoffel, -n	potato	kiazi	viazi	7	8			
die Kasse	till	kaunta ya kulipia		9			Genitivfuegung	genitive construction
die Klasse	class	darasa	madarasa	5	6			
die Kleidung	clothing	nguo	nguo	9	10		meist Plural	usually plural
die Küche	kitchen	jiko	majiko	5	6		"auch ""Herd"""	"also ""cooker"""
die Lebensmittel (pl.)	groceries	chakula	vyakula	7	8		deutsch nur Plural	German has plural only
die Leute (pl.)	people	mtu	watu	1	2		deutsch nur Plural	German has plural only
die Lösung, -en	solution	jibu	majibu	5	6			
die Maschine, -n	machine	mashine	mashine	9	10		Lehnwort	loanword
die Miete	rent	kodi	kodi	9	10			
die Milch	milk	maziwa		6			nur Plural	plural only
die Mitte	middle	kati		9			kein Plural	no plural
die Mutter, -ü	mother	mama	mama	9	10	1/2	Person: Form Kl. 9/10, Kongruenz Kl. 1/2	person: form class 9/10, agreement class 1/2
die Möbel (pl.)	furniture	samani	samani	9	10		deutsch nur Plural	German has plural only
die Nummer, -n	number	namba	namba	9	10		Lehnwort	loanword
die Oma, -s	grandma	bibi	bibi	9	10	1/2	Person: Form Kl. 9/10, Kongruenz Kl. 1/2	person: form class 9/10, agreement class 1/2
die Ordnung	order	utaratibu	taratibu	11	10			
die Papiere (pl.)	documents	hati	hati	9	10		deutsch nur Plural	German has plural only
die Party	party	sherehe	sherehe	9	10			
die Pause, -n	break	mapumziko		6			nur Plural	plural only
die Polizei	police	polisi	polisi	9	10		Kongruenz Kl. 1/2 bei Personen	agreement class 1/2 for people
die Pommes frites (pl.)	chips	chipsi		10			nur Plural, Lehnwort	plural only, loanword
die Post	post	posta	posta	9	10		Lehnwort	loanword
die Postleitzahl	postcode	namba ya posta	namba za posta	9	10		Genitiv kongruiert mit dem Kopfnomen	genitive agrees with the head noun
die Praxis	surgery	kliniki	kliniki	9	10		Lehnwort	loanword
die Prüfung	exam	mtihani	mitihani	3	4			
die Rechnung, -en	bill	bili	bili	9	10		Lehnwort	loanword
die Reise	journey	safari	safari	9	10			
die Reparatur	repair	ukarabati		14			Abstraktum	abstract noun
die Rezeption	reception	mapokezi		6			nur Plural	plural only
die S-Bahn	city train	treni ya mjini	treni za mjini	9	10		Genitiv kongruiert mit dem Kopfnomen	genitive agrees with the head noun
die Schule	school	shule	shule	9	10			
die Schwester, -n	sister	dada	dada	9	10	1/2	Person: Form Kl. 9/10, Kongruenz Kl. 1/2	person: form class 9/10, agreement class 1/2
die Sehenswürdigkeit, -en	sight	kivutio	vivutio	7	8			
die Sonne	sun	jua	majua	5	6		meist Singular	usually singular
die Speisekarte	menu	menyu	menyu	9	10		Lehnwort	loanword
die Sprache, -n	language	lugha	lugha	9	10			
die Stadt, -ä, e	town	mji	miji	3	4			
die Stelle, -n	position	nafasi	nafasi	9	10		Arbeitsstelle	job
die Straße, -n	street	barabara	barabara	9	10			
die Straßenbahn	tram	tramu	tramu	9	10		Lehnwort	loanword
die Stunde, -n	hour	saa	saa	9	10		"auch ""Uhr"""	"also ""clock"""
die Tasche, -n	bag	mfuko	mifuko	3	4			
die Tochter, -ö	daughter	binti	mabinti	5	6	1/2	Person: Form Kl. 5/6, Kongruenz Kl. 1/2	person: form class 5/6, agreement class 1/2
die Toilette, -en	toilet	choo	vyoo	7	8			
die Tomate, -n	tomato	nyanya	nyanya	9	10			
die Treppe, -n	stairs	ngazi	ngazi	9	10			
die Uhr	clock	saa	saa	9	10		"auch ""Stunde"""	"also ""hour"""
die Unterschrift	signature	sahihi	sahihi	9	10			
die Vorsicht	caution	uangalifu		14			Abstraktum	abstract noun
die Vorwahl	dialling code	namba ya mkoa	namba za mkoa	9	10		Genitiv kongruiert mit dem Kopfnomen	genitive agrees with the head noun
die Welt	world	dunia	dunia	9	10			
die Wohnung, -en	flat	nyumba	nyumba	9	10			
die Zeit	time	wakati	nyakati	11	10			
die Zeitung, -en	newspaper	gazeti	magazeti	5	6			
die Zigarette, -n	cigarette	sigara	sigara	9	10		Lehnwort	loanword
der, die, das	the (article)	—					Swahili hat keinen Artikel; Bestimmtheit wird nicht markiert	Swahili has no article; definiteness is not marked
